{"stats":{"minecraft:broken":{"minecraft:stone_sword":1,"minecraft:stone_pickaxe":1,"minecraft:wooden_sword":1,"minecraft:stone_axe":1,"minecraft:stone_shovel":2},"minecraft:killed_by":{"minecraft:player":1,"minecraft:wither_skeleton":8,"betteranimalsplus:boar":2,"minecraft:creeper":2,"minecraft:spider":1,"minecraft:enderman":1,"betteranimalsplus:coyote":1,"man:managgresive":1,"the_bath:the_bath":5,"minecraft:skeleton":9},"minecraft:mined":{"minecraft:dark_oak_planks":5,"minecraft:spruce_planks":3,"minecraft:white_bed":1,"minecraft:oak_sapling":1,"dodo_mob:iy":2,"minecraft:oak_door":14,"minecraft:granite":2,"minecraft:spruce_fence":3,"minecraft:grass_block":266,"minecraft:spawner":7,"minecraft:black_stained_glass_pane":2,"minecraft:furnace":1,"minecraft:carrots":5,"minecraft:iron_ore":6,"minecraft:fire":1,"minecraft:acacia_wood":4,"minecraft:enchanting_table":1,"minecraft:potatoes":17,"minecraft:vine":1,"minecraft:oak_stairs":1,"minecraft:light_gray_concrete":8,"minecraft:spruce_wood":10,"minecraft:potted_cornflower":1,"minecraft:stone":349,"minecraft:spruce_slab":2,"minecraft:gray_concrete":1,"minecraft:red_bed":1,"minecraft:chiseled_quartz_block":3,"minecraft:crafting_table":1,"minecraft:torch":2,"minecraft:note_block":10,"minecraft:dark_oak_wood":11,"iceandfire:ghost_chest":1,"minecraft:tall_grass":52,"minecraft:cobblestone":1,"minecraft:birch_wood":1,"minecraft:oak_planks":5,"minecraft:sugar_cane":1,"minecraft:iron_door":2,"minecraft:wall_torch":1,"minecraft:wheat":12,"minecraft:birch_leaves":2,"minecraft:yellow_bed":2,"minecraft:grass":65,"minecraft:oak_log":76,"minecraft:coal_ore":28,"minecraft:cyan_carpet":8,"minecraft:smooth_quartz":42,"minecraft:sand":3,"minecraft:dirt":47,"minecraft:cobweb":8,"minecraft:dispenser":1,"minecraft:oak_leaves":60},"minecraft:picked_up":{"minecraft:charcoal":13,"minecraft:crafting_table":1,"minecraft:wheat":141,"iceandfire:copper_sword":1,"minecraft:ladder":2,"minecraft:flower_pot":10,"minecraft:diamond_sword":7,"minecraft:wooden_pickaxe":3,"minecraft:oak_stairs":1,"minecraft:cornflower":7,"minecraft:string":254,"minecraft:red_bed":1,"minecraft:flint_and_steel":2,"minecraft:cyan_carpet":28,"iceandfire:graveyard_soil":14,"minecraft:gold_nugget":66,"minecraft:bucket":2,"minecraft:spruce_planks":13,"minecraft:redstone_torch":4,"minecraft:written_book":2,"iceandfire:wither_shard":36,"minecraft:smooth_quartz":106,"minecraft:poppy":8,"minecraft:iron_pickaxe":2,"minecraft:spruce_slab":2,"minecraft:enchanted_golden_apple":6,"minecraft:sugar_cane":2,"minecraft:birch_sapling":5,"minecraft:furnace":2,"minecraft:stick":231,"minecraft:raw_iron":10,"iceandfire:ghost_chest":1,"iceandfire:troll_tusk":12,"minecraft:oak_door":20,"minecraft:torch":129,"minecraft:spruce_stairs":9,"minecraft:note_block":30,"minecraft:spruce_fence":18,"minecraft:porkchop":22,"minecraft:carrot":17,"minecraft:redstone":177,"minecraft:golden_chestplate":18,"minecraft:iron_horse_armor":10,"minecraft:dark_oak_planks":39,"minecraft:tnt":81,"iceandfire:silver_ingot":3,"minecraft:stone_sword":14,"minecraft:arrow":54,"minecraft:stone_shovel":1,"minecraft:rotten_flesh":20,"minecraft:golden_hoe":3,"minecraft:gold_ingot":121,"minecraft:obsidian":6,"minecraft:mutton":9,"minecraft:white_wool":6,"minecraft:cobblestone":882,"minecraft:enchanting_table":2,"minecraft:feather":8,"minecraft:water_bucket":1,"minecraft:leather":15,"iceandfire:troll_leather_mountain":4,"minecraft:acacia_wood":4,"minecraft:potato":105,"minecraft:birch_planks":4,"minecraft:oak_log":106,"minecraft:chainmail_chestplate":6,"iceandfire:ectoplasm":15,"minecraft:yellow_bed":5,"minecraft:gunpowder":79,"minecraft:gray_concrete":1,"minecraft:dirt":389,"minecraft:name_tag":1,"betteranimalsplus:pheasant_egg":1,"minecraft:bone":171,"minecraft:apple":3,"dodo_mob:vvv":2,"minecraft:wheat_seeds":85,"minecraft:bell":1,"minecraft:birch_wood":5,"minecraft:spruce_wood":9,"minecraft:iron_ingot":18,"minecraft:stone_pickaxe":29,"minecraft:iron_sword":8,"minecraft:stone_hoe":6,"minecraft:oak_planks":383,"minecraft:music_disc_13":8,"betteranimalsplus:pheasantraw":1,"minecraft:sand":3,"minecraft:white_bed":1,"minecraft:diamond_block":2,"minecraft:spider_eye":26,"man:tearoftheman":8,"betteranimalsplus:eel_meat_raw":2,"minecraft:light_gray_concrete":21,"minecraft:dispenser":4,"minecraft:diamond":4,"minecraft:stone_axe":7,"minecraft:chainmail_leggings":6,"minecraft:granite":6,"minecraft:bone_meal":1,"minecraft:golden_apple":2,"minecraft:emerald":1,"minecraft:bread":63,"minecraft:baked_potato":21,"minecraft:oak_sapling":27,"minecraft:dark_oak_wood":21,"minecraft:coal":74,"iceandfire:witherbone":43},"minecraft:dropped":{"minecraft:iron_ingot":5,"minecraft:bread":13,"minecraft:iron_sword":4,"minecraft:porkchop":7,"minecraft:wheat_seeds":2,"minecraft:diamond":10,"minecraft:cobblestone":3,"man:cassette_1safetyinstructions":1,"minecraft:apple":1,"minecraft:granite":2,"iceandfire:ectoplasm":10,"iceandfire:graveyard_soil":14,"minecraft:stick":3,"minecraft:gray_concrete":1,"minecraft:cornflower":2,"minecraft:seagrass":2,"minecraft:stone_axe":1,"minecraft:stone_sword":1,"minecraft:birch_sapling":1,"minecraft:wheat":7,"minecraft:rotten_flesh":6,"minecraft:oak_planks":10,"minecraft:enchanted_golden_apple":1,"minecraft:name_tag":1,"minecraft:light_gray_concrete":7,"minecraft:chainmail_chestplate":1,"minecraft:poppy":1,"iceandfire:ghost_chest":1,"minecraft:gunpowder":1,"iceandfire:copper_sword":1,"minecraft:iron_chestplate":1,"iceandfire:silver_ingot":1,"minecraft:spider_eye":2,"minecraft:spruce_slab":2,"minecraft:stone_pickaxe":4,"minecraft:written_book":2},"minecraft:killed":{"minecraft:cave_spider":2,"minecraft:spider":9,"betteranimalsplus:boar":3,"minecraft:skeleton":5,"minecraft:horse":3,"betteranimalsplus:songbird":3,"minecraft:pig":3,"iceandfire:troll":1,"betteranimalsplus:pheasant":1,"minecraft:creeper":2,"minecraft:sheep":2,"minecraft:zombie":5,"minecraft:wither_skeleton":14},"minecraft:custom":{"minecraft:mob_kills":53,"minecraft:interact_with_crafting_table":32,"minecraft:bell_ring":2,"minecraft:damage_dealt_resisted":2200,"minecraft:leave_game":15,"minecraft:time_since_death":1414,"minecraft:climb_one_cm":4218,"minecraft:sprint_one_cm":651547,"minecraft:walk_one_cm":460610,"minecraft:drop":74,"minecraft:play_noteblock":58,"minecraft:talked_to_villager":5,"minecraft:play_time":273333,"minecraft:sneak_time":31568,"minecraft:deaths":31,"minecraft:walk_under_water_one_cm":25348,"minecraft:boat_one_cm":16615,"minecraft:jump":3621,"minecraft:walk_on_water_one_cm":27912,"minecraft:total_world_time":273333,"minecraft:interact_with_furnace":21,"minecraft:tune_noteblock":24,"minecraft:sleep_in_bed":10,"minecraft:time_since_rest":1438,"minecraft:damage_taken":10660,"minecraft:damage_dealt":16430,"minecraft:swim_one_cm":99313,"minecraft:fly_one_cm":963221,"minecraft:open_chest":33,"minecraft:crouch_one_cm":90503,"minecraft:fall_one_cm":99258},"minecraft:used":{"minecraft:stone_sword":250,"minecraft:enchanting_table":1,"minecraft:oak_fence":6,"minecraft:flint_and_steel":1,"minecraft:stone_shovel":268,"minecraft:chest":2,"minecraft:spruce_planks":4,"minecraft:bell":1,"minecraft:stone_hoe":70,"minecraft:rotten_flesh":2,"minecraft:oak_door":15,"minecraft:torch":62,"minecraft:dirt":103,"minecraft:spruce_stairs":1,"minecraft:carrot":17,"minecraft:golden_chestplate":3,"minecraft:spruce_fence":4,"minecraft:oak_fence_gate":1,"minecraft:dark_oak_planks":25,"minecraft:oak_stairs":1,"minecraft:dark_oak_wood":5,"minecraft:smooth_quartz":30,"minecraft:written_book":2,"minecraft:oak_sapling":22,"minecraft:furnace":5,"minecraft:potato":42,"minecraft:wheat_seeds":12,"minecraft:water_bucket":1,"minecraft:stone_pickaxe":457,"minecraft:baked_potato":7,"minecraft:oak_planks":83,"minecraft:birch_wood":1,"minecraft:wooden_pickaxe":4,"betteranimalsplus:pheasant_egg":1,"minecraft:sand":3,"minecraft:golden_hoe":12,"minecraft:red_bed":1,"minecraft:crafting_table":10,"minecraft:white_bed":1,"minecraft:note_block":10,"minecraft:cyan_carpet":8,"minecraft:iron_pickaxe":21,"minecraft:bread":6,"minecraft:stone_axe":177,"minecraft:diamond_sword":70,"minecraft:wooden_sword":57,"minecraft:cobblestone":84,"minecraft:bucket":1,"minecraft:oak_boat":3,"minecraft:yellow_bed":4,"minecraft:bone_meal":31,"minecraft:cobweb":8,"dodo_mob:vvv":2},"minecraft:crafted":{"minecraft:wooden_sword":1,"minecraft:oak_door":3,"minecraft:oak_planks":216,"minecraft:stone_shovel":3,"minecraft:furnace":4,"minecraft:bone_meal":45,"minecraft:diamond":9,"minecraft:stone_pickaxe":5,"minecraft:chest":2,"minecraft:dark_oak_planks":24,"minecraft:stone_hoe":1,"minecraft:oak_fence":6,"minecraft:diamond_sword":1,"minecraft:crafting_table":9,"minecraft:spruce_planks":16,"minecraft:wooden_pickaxe":1,"minecraft:baked_potato":14,"iceandfire:wither_shard":18,"minecraft:birch_planks":4,"minecraft:bucket":1,"minecraft:stone_axe":3,"minecraft:air":0,"minecraft:oak_fence_gate":1,"minecraft:oak_boat":3,"minecraft:charcoal":19,"minecraft:stick":60,"minecraft:iron_ingot":8,"minecraft:iron_pickaxe":1,"minecraft:stone_sword":3,"minecraft:torch":64}},"DataVersion":3120}