{"stats":{"minecraft:used":{"dodo_mob:vvv":2,"minecraft:oak_fence":6,"minecraft:wheat_seeds":12,"minecraft:water_bucket":1,"minecraft:stone_pickaxe":378,"minecraft:stone_shovel":268,"minecraft:oak_planks":79,"minecraft:chest":1,"minecraft:wooden_pickaxe":4,"betteranimalsplus:pheasant_egg":1,"minecraft:bell":1,"minecraft:stone_hoe":32,"minecraft:rotten_flesh":2,"minecraft:oak_door":14,"minecraft:sand":3,"minecraft:torch":29,"minecraft:dirt":102,"minecraft:crafting_table":5,"minecraft:carrot":17,"minecraft:oak_fence_gate":1,"minecraft:stone_axe":146,"minecraft:cobblestone":74,"minecraft:written_book":1,"minecraft:oak_sapling":22,"minecraft:furnace":4,"minecraft:bucket":1,"minecraft:yellow_bed":3,"minecraft:potato":9,"minecraft:bone_meal":7},"minecraft:killed":{"minecraft:pig":3,"minecraft:spider":1,"betteranimalsplus:pheasant":1,"minecraft:creeper":1,"minecraft:horse":3,"minecraft:sheep":2,"minecraft:zombie":2,"betteranimalsplus:songbird":3},"minecraft:broken":{"minecraft:stone_pickaxe":1,"minecraft:stone_axe":1,"minecraft:stone_shovel":2},"minecraft:picked_up":{"minecraft:charcoal":13,"minecraft:crafting_table":1,"minecraft:wheat":33,"minecraft:feather":8,"minecraft:water_bucket":1,"minecraft:leather":15,"minecraft:wooden_pickaxe":3,"minecraft:acacia_wood":4,"minecraft:potato":40,"minecraft:oak_log":106,"iceandfire:ectoplasm":6,"minecraft:yellow_bed":4,"minecraft:gunpowder":3,"minecraft:dirt":376,"minecraft:string":7,"betteranimalsplus:pheasant_egg":1,"minecraft:bone":2,"minecraft:apple":3,"dodo_mob:vvv":2,"minecraft:wheat_seeds":84,"minecraft:bell":1,"minecraft:iron_ingot":7,"minecraft:stone_pickaxe":7,"minecraft:written_book":1,"minecraft:smooth_quartz":1,"minecraft:sugar_cane":2,"minecraft:stone_hoe":1,"minecraft:oak_planks":250,"minecraft:furnace":2,"minecraft:stick":33,"minecraft:raw_iron":10,"minecraft:oak_door":15,"minecraft:torch":21,"betteranimalsplus:pheasantraw":1,"minecraft:porkchop":16,"minecraft:sand":3,"minecraft:carrot":17,"betteranimalsplus:eel_meat_raw":2,"minecraft:stone_shovel":1,"minecraft:rotten_flesh":4,"minecraft:stone_axe":6,"minecraft:granite":4,"minecraft:bone_meal":1,"minecraft:emerald":1,"minecraft:baked_potato":14,"minecraft:oak_sapling":25,"minecraft:mutton":9,"minecraft:coal":20,"minecraft:white_wool":6,"minecraft:cobblestone":600},"minecraft:dropped":{"minecraft:stone_axe":1,"minecraft:porkchop":1,"minecraft:wheat_seeds":1,"minecraft:rotten_flesh":2,"man:cassette_1safetyinstructions":1,"minecraft:seagrass":2,"minecraft:written_book":1},"minecraft:killed_by":{"betteranimalsplus:coyote":1,"man:managgresive":1,"the_bath:the_bath":4,"minecraft:wither_skeleton":1,"minecraft:skeleton":1,"minecraft:creeper":2,"minecraft:spider":1,"minecraft:enderman":1},"minecraft:crafted":{"minecraft:oak_door":3,"minecraft:oak_planks":216,"minecraft:stone_shovel":3,"minecraft:crafting_table":4,"minecraft:wooden_pickaxe":1,"minecraft:baked_potato":14,"minecraft:furnace":3,"minecraft:bucket":1,"minecraft:bone_meal":6,"minecraft:stone_axe":3,"minecraft:air":0,"minecraft:oak_fence_gate":1,"minecraft:charcoal":14,"minecraft:stick":40,"minecraft:iron_ingot":8,"minecraft:stone_pickaxe":5,"minecraft:chest":1,"minecraft:torch":36,"minecraft:stone_hoe":1,"minecraft:oak_fence":6},"minecraft:mined":{"dodo_mob:iy":2,"minecraft:oak_sapling":1,"minecraft:oak_door":13,"minecraft:crafting_table":1,"minecraft:torch":2,"minecraft:granite":2,"minecraft:grass_block":265,"minecraft:tall_grass":52,"minecraft:oak_planks":5,"minecraft:sugar_cane":1,"minecraft:wall_torch":1,"minecraft:furnace":1,"minecraft:carrots":5,"minecraft:iron_ore":6,"minecraft:wheat":12,"minecraft:acacia_wood":4,"minecraft:yellow_bed":1,"minecraft:grass":64,"minecraft:potatoes":5,"minecraft:coal_ore":20,"minecraft:oak_log":76,"minecraft:smooth_quartz":2,"minecraft:sand":3,"minecraft:dirt":47,"minecraft:stone":349,"minecraft:oak_leaves":42},"minecraft:custom":{"minecraft:interact_with_furnace":15,"minecraft:mob_kills":17,"minecraft:interact_with_crafting_table":18,"minecraft:bell_ring":2,"minecraft:leave_game":12,"minecraft:time_since_death":4752,"minecraft:sleep_in_bed":5,"minecraft:time_since_rest":4217,"minecraft:sprint_one_cm":287553,"minecraft:damage_taken":3409,"minecraft:walk_one_cm":200103,"minecraft:drop":8,"minecraft:damage_dealt":3219,"minecraft:swim_one_cm":50304,"minecraft:talked_to_villager":3,"minecraft:fly_one_cm":461788,"minecraft:open_chest":8,"minecraft:crouch_one_cm":62854,"minecraft:play_time":150978,"minecraft:deaths":12,"minecraft:sneak_time":18126,"minecraft:walk_under_water_one_cm":21397,"minecraft:jump":1732,"minecraft:walk_on_water_one_cm":8339,"minecraft:total_world_time":150978,"minecraft:fall_one_cm":48744}},"DataVersion":3120}