{"stats":{"minecraft:used":{"dodo_mob:vvv":2,"minecraft:stone_pickaxe":12,"minecraft:wooden_pickaxe":4,"betteranimalsplus:pheasant_egg":1,"minecraft:stone_axe":3,"minecraft:sand":3,"minecraft:dirt":10,"minecraft:crafting_table":1},"minecraft:custom":{"minecraft:time_since_rest":44791,"minecraft:sprint_one_cm":39422,"minecraft:damage_taken":495,"minecraft:walk_one_cm":17680,"minecraft:mob_kills":2,"minecraft:drop":5,"minecraft:damage_dealt":265,"minecraft:swim_one_cm":182,"minecraft:interact_with_crafting_table":3,"minecraft:fly_one_cm":85581,"minecraft:crouch_one_cm":2501,"minecraft:play_time":52967,"minecraft:deaths":1,"minecraft:sneak_time":772,"minecraft:walk_under_water_one_cm":268,"minecraft:jump":332,"minecraft:leave_game":2,"minecraft:time_since_death":11234,"minecraft:walk_on_water_one_cm":76,"minecraft:total_world_time":52967,"minecraft:fall_one_cm":12768},"minecraft:dropped":{"minecraft:porkchop":1,"minecraft:wheat_seeds":1,"minecraft:seagrass":2,"man:cassette_1safetyinstructions":1},"minecraft:crafted":{"minecraft:oak_planks":20,"minecraft:crafting_table":1,"minecraft:stick":8,"minecraft:wooden_pickaxe":1,"minecraft:stone_pickaxe":1,"minecraft:stone_axe":2},"minecraft:killed":{"minecraft:pig":1,"betteranimalsplus:pheasant":1},"minecraft:killed_by":{"the_bath:the_bath":1},"minecraft:mined":{"dodo_mob:iy":2,"minecraft:grass":36,"minecraft:grass_block":12,"minecraft:oak_log":5,"minecraft:dirt":5,"minecraft:sand":3,"minecraft:tall_grass":37,"minecraft:stone":16,"minecraft:sugar_cane":1,"minecraft:oak_leaves":2},"minecraft:picked_up":{"minecraft:feather":2,"betteranimalsplus:pheasantraw":1,"minecraft:porkchop":1,"minecraft:sand":3,"minecraft:oak_log":5,"minecraft:dirt":17,"betteranimalsplus:pheasant_egg":1,"dodo_mob:vvv":2,"minecraft:wheat_seeds":7,"minecraft:sugar_cane":2,"minecraft:cobblestone":16}},"DataVersion":3120}