{"stats":{"minecraft:broken":{"minecraft:stone_pickaxe":1,"minecraft:stone_axe":1,"minecraft:stone_shovel":2},"minecraft:killed_by":{"minecraft:player":1,"minecraft:wither_skeleton":1,"betteranimalsplus:boar":2,"minecraft:creeper":2,"minecraft:spider":1,"minecraft:enderman":1,"betteranimalsplus:coyote":1,"man:managgresive":1,"the_bath:the_bath":4,"minecraft:skeleton":1},"minecraft:mined":{"minecraft:white_bed":1,"minecraft:oak_sapling":1,"dodo_mob:iy":2,"minecraft:oak_door":14,"minecraft:granite":2,"minecraft:grass_block":265,"minecraft:spawner":2,"minecraft:black_stained_glass_pane":2,"minecraft:furnace":1,"minecraft:carrots":5,"minecraft:iron_ore":6,"minecraft:fire":1,"minecraft:acacia_wood":4,"minecraft:enchanting_table":1,"minecraft:potatoes":17,"minecraft:vine":1,"minecraft:light_gray_concrete":8,"minecraft:stone":349,"minecraft:spruce_slab":2,"minecraft:gray_concrete":1,"minecraft:red_bed":1,"minecraft:chiseled_quartz_block":3,"minecraft:crafting_table":1,"minecraft:torch":2,"minecraft:note_block":10,"iceandfire:ghost_chest":1,"minecraft:tall_grass":52,"minecraft:cobblestone":1,"minecraft:sugar_cane":1,"minecraft:oak_planks":5,"minecraft:iron_door":2,"minecraft:wall_torch":1,"minecraft:wheat":12,"minecraft:yellow_bed":2,"minecraft:grass":65,"minecraft:oak_log":76,"minecraft:coal_ore":28,"minecraft:dirt":47,"minecraft:sand":3,"minecraft:smooth_quartz":2,"minecraft:cobweb":8,"minecraft:dispenser":1,"minecraft:oak_leaves":59},"minecraft:picked_up":{"minecraft:charcoal":13,"minecraft:crafting_table":1,"minecraft:wheat":47,"iceandfire:copper_sword":1,"minecraft:ladder":1,"minecraft:wooden_pickaxe":3,"minecraft:string":34,"minecraft:red_bed":1,"minecraft:flint_and_steel":2,"iceandfire:graveyard_soil":14,"minecraft:gold_nugget":32,"minecraft:bucket":2,"minecraft:redstone_torch":4,"minecraft:written_book":2,"minecraft:smooth_quartz":1,"minecraft:iron_pickaxe":2,"minecraft:spruce_slab":2,"minecraft:sugar_cane":2,"minecraft:furnace":2,"minecraft:stick":39,"minecraft:raw_iron":10,"iceandfire:ghost_chest":1,"minecraft:oak_door":18,"minecraft:torch":26,"minecraft:note_block":30,"minecraft:porkchop":22,"minecraft:carrot":17,"minecraft:redstone":118,"minecraft:golden_chestplate":2,"minecraft:tnt":54,"iceandfire:silver_ingot":3,"minecraft:stone_sword":2,"minecraft:arrow":12,"minecraft:rotten_flesh":8,"minecraft:stone_shovel":1,"minecraft:golden_hoe":2,"minecraft:obsidian":6,"minecraft:mutton":9,"minecraft:white_wool":6,"minecraft:cobblestone":869,"minecraft:enchanting_table":2,"minecraft:feather":8,"minecraft:water_bucket":1,"minecraft:leather":15,"minecraft:acacia_wood":4,"minecraft:potato":104,"minecraft:oak_log":106,"iceandfire:ectoplasm":15,"minecraft:yellow_bed":5,"minecraft:gunpowder":3,"minecraft:gray_concrete":1,"minecraft:dirt":388,"betteranimalsplus:pheasant_egg":1,"minecraft:bone":41,"minecraft:apple":3,"dodo_mob:vvv":2,"minecraft:wheat_seeds":85,"minecraft:stone_pickaxe":7,"minecraft:bell":1,"minecraft:iron_ingot":14,"minecraft:stone_hoe":2,"minecraft:oak_planks":368,"betteranimalsplus:pheasantraw":1,"minecraft:sand":3,"minecraft:white_bed":1,"minecraft:diamond_block":1,"minecraft:spider_eye":2,"man:tearoftheman":2,"betteranimalsplus:eel_meat_raw":2,"minecraft:light_gray_concrete":21,"minecraft:dispenser":3,"minecraft:diamond":3,"minecraft:stone_axe":7,"minecraft:granite":6,"minecraft:bone_meal":1,"minecraft:golden_apple":2,"minecraft:emerald":1,"minecraft:baked_potato":21,"minecraft:oak_sapling":27,"minecraft:coal":44},"minecraft:dropped":{"minecraft:iron_ingot":5,"minecraft:porkchop":7,"minecraft:wheat_seeds":2,"man:cassette_1safetyinstructions":1,"minecraft:apple":1,"minecraft:granite":2,"iceandfire:ectoplasm":10,"iceandfire:graveyard_soil":14,"minecraft:stick":1,"minecraft:gray_concrete":1,"minecraft:seagrass":2,"minecraft:stone_axe":1,"minecraft:stone_sword":1,"minecraft:rotten_flesh":6,"minecraft:oak_planks":10,"minecraft:light_gray_concrete":7,"iceandfire:ghost_chest":1,"iceandfire:copper_sword":1,"minecraft:iron_chestplate":1,"iceandfire:silver_ingot":1,"minecraft:spider_eye":2,"minecraft:spruce_slab":2,"minecraft:stone_pickaxe":2,"minecraft:written_book":2},"minecraft:killed":{"minecraft:spider":3,"betteranimalsplus:boar":3,"minecraft:skeleton":4,"minecraft:horse":3,"betteranimalsplus:songbird":3,"minecraft:pig":3,"betteranimalsplus:pheasant":1,"minecraft:creeper":1,"minecraft:sheep":2,"minecraft:zombie":4},"minecraft:custom":{"minecraft:mob_kills":28,"minecraft:interact_with_crafting_table":23,"minecraft:bell_ring":2,"minecraft:leave_game":14,"minecraft:time_since_death":1513,"minecraft:climb_one_cm":3200,"minecraft:sprint_one_cm":541939,"minecraft:walk_one_cm":343976,"minecraft:drop":52,"minecraft:play_noteblock":58,"minecraft:talked_to_villager":5,"minecraft:play_time":225400,"minecraft:sneak_time":23020,"minecraft:deaths":15,"minecraft:walk_under_water_one_cm":25214,"minecraft:boat_one_cm":16165,"minecraft:jump":3093,"minecraft:walk_on_water_one_cm":26569,"minecraft:total_world_time":225400,"minecraft:interact_with_furnace":17,"minecraft:tune_noteblock":24,"minecraft:sleep_in_bed":8,"minecraft:time_since_rest":1538,"minecraft:damage_taken":4763,"minecraft:damage_dealt":5615,"minecraft:swim_one_cm":95735,"minecraft:fly_one_cm":853852,"minecraft:open_chest":24,"minecraft:crouch_one_cm":75337,"minecraft:fall_one_cm":85526},"minecraft:used":{"dodo_mob:vvv":2,"minecraft:oak_fence":6,"minecraft:stone_sword":97,"minecraft:enchanting_table":1,"minecraft:flint_and_steel":1,"minecraft:stone_shovel":268,"minecraft:chest":1,"minecraft:bell":1,"minecraft:stone_hoe":32,"minecraft:rotten_flesh":2,"minecraft:oak_door":15,"minecraft:torch":42,"minecraft:dirt":102,"minecraft:carrot":17,"minecraft:oak_fence_gate":1,"minecraft:written_book":2,"minecraft:oak_sapling":22,"minecraft:furnace":4,"minecraft:potato":42,"minecraft:wheat_seeds":12,"minecraft:water_bucket":1,"minecraft:stone_pickaxe":388,"minecraft:baked_potato":7,"minecraft:oak_planks":83,"minecraft:wooden_pickaxe":4,"betteranimalsplus:pheasant_egg":1,"minecraft:golden_hoe":12,"minecraft:sand":3,"minecraft:crafting_table":7,"minecraft:red_bed":1,"minecraft:white_bed":1,"minecraft:note_block":10,"minecraft:iron_pickaxe":21,"minecraft:bread":6,"minecraft:stone_axe":177,"minecraft:cobblestone":84,"minecraft:bucket":1,"minecraft:yellow_bed":4,"minecraft:oak_boat":2,"minecraft:bone_meal":31,"minecraft:cobweb":8},"minecraft:crafted":{"minecraft:oak_door":3,"minecraft:oak_planks":216,"minecraft:stone_shovel":3,"minecraft:furnace":3,"minecraft:bone_meal":45,"minecraft:stone_pickaxe":5,"minecraft:chest":1,"minecraft:stone_hoe":1,"minecraft:oak_fence":6,"minecraft:crafting_table":6,"minecraft:wooden_pickaxe":1,"minecraft:baked_potato":14,"minecraft:bucket":1,"minecraft:stone_axe":3,"minecraft:air":0,"minecraft:oak_fence_gate":1,"minecraft:oak_boat":2,"minecraft:charcoal":14,"minecraft:stick":44,"minecraft:iron_ingot":8,"minecraft:iron_pickaxe":1,"minecraft:stone_sword":2,"minecraft:torch":36}},"DataVersion":3120}