{"stats":{"minecraft:used":{"dodo_mob:vvv":2,"minecraft:oak_fence":6,"minecraft:stone_sword":8,"minecraft:stone_shovel":268,"minecraft:chest":1,"minecraft:bell":1,"minecraft:stone_hoe":32,"minecraft:rotten_flesh":2,"minecraft:oak_door":15,"minecraft:torch":36,"minecraft:dirt":102,"minecraft:carrot":17,"minecraft:oak_fence_gate":1,"minecraft:written_book":1,"minecraft:furnace":4,"minecraft:oak_sapling":22,"minecraft:potato":9,"minecraft:wheat_seeds":12,"minecraft:water_bucket":1,"minecraft:stone_pickaxe":388,"minecraft:baked_potato":6,"minecraft:oak_planks":79,"minecraft:wooden_pickaxe":4,"betteranimalsplus:pheasant_egg":1,"minecraft:sand":3,"minecraft:crafting_table":6,"minecraft:red_bed":1,"minecraft:iron_pickaxe":1,"minecraft:stone_axe":163,"minecraft:cobblestone":74,"minecraft:bucket":1,"minecraft:yellow_bed":3,"minecraft:bone_meal":7,"minecraft:cobweb":8},"minecraft:killed":{"minecraft:spider":3,"minecraft:horse":3,"betteranimalsplus:songbird":3,"minecraft:pig":3,"betteranimalsplus:pheasant":1,"minecraft:creeper":1,"minecraft:sheep":2,"minecraft:zombie":4},"minecraft:broken":{"minecraft:stone_pickaxe":1,"minecraft:stone_axe":1,"minecraft:stone_shovel":2},"minecraft:picked_up":{"minecraft:charcoal":13,"minecraft:crafting_table":1,"minecraft:wheat":33,"iceandfire:copper_sword":1,"minecraft:wooden_pickaxe":3,"minecraft:string":15,"minecraft:red_bed":1,"iceandfire:graveyard_soil":14,"minecraft:gold_nugget":15,"minecraft:written_book":1,"minecraft:smooth_quartz":1,"minecraft:sugar_cane":2,"minecraft:furnace":2,"minecraft:stick":33,"minecraft:raw_iron":10,"iceandfire:ghost_chest":1,"minecraft:oak_door":16,"minecraft:torch":22,"minecraft:porkchop":16,"minecraft:carrot":17,"iceandfire:silver_ingot":1,"minecraft:rotten_flesh":8,"minecraft:stone_shovel":1,"minecraft:mutton":9,"minecraft:white_wool":6,"minecraft:cobblestone":600,"minecraft:feather":8,"minecraft:water_bucket":1,"minecraft:leather":15,"minecraft:acacia_wood":4,"minecraft:potato":40,"minecraft:oak_log":106,"iceandfire:ectoplasm":15,"minecraft:yellow_bed":4,"minecraft:gunpowder":3,"minecraft:dirt":376,"betteranimalsplus:pheasant_egg":1,"minecraft:bone":11,"dodo_mob:vvv":2,"minecraft:apple":3,"minecraft:wheat_seeds":85,"minecraft:bell":1,"minecraft:iron_ingot":10,"minecraft:stone_pickaxe":7,"minecraft:oak_planks":250,"minecraft:stone_hoe":1,"betteranimalsplus:pheasantraw":1,"minecraft:sand":3,"minecraft:spider_eye":2,"betteranimalsplus:eel_meat_raw":2,"minecraft:diamond":1,"minecraft:stone_axe":6,"minecraft:granite":4,"minecraft:bone_meal":1,"minecraft:emerald":1,"minecraft:baked_potato":14,"minecraft:oak_sapling":26,"minecraft:coal":28},"minecraft:killed_by":{"minecraft:wither_skeleton":1,"minecraft:creeper":2,"minecraft:spider":1,"minecraft:enderman":1,"betteranimalsplus:coyote":1,"man:managgresive":1,"the_bath:the_bath":4,"minecraft:skeleton":1},"minecraft:dropped":{"minecraft:porkchop":1,"minecraft:wheat_seeds":2,"man:cassette_1safetyinstructions":1,"minecraft:apple":1,"iceandfire:ectoplasm":10,"iceandfire:graveyard_soil":14,"minecraft:seagrass":2,"minecraft:stone_axe":1,"minecraft:rotten_flesh":6,"iceandfire:ghost_chest":1,"iceandfire:copper_sword":1,"minecraft:spider_eye":2,"minecraft:written_book":1},"minecraft:crafted":{"minecraft:oak_door":3,"minecraft:oak_planks":216,"minecraft:stone_shovel":3,"minecraft:furnace":3,"minecraft:bone_meal":6,"minecraft:stone_pickaxe":5,"minecraft:chest":1,"minecraft:stone_hoe":1,"minecraft:oak_fence":6,"minecraft:crafting_table":5,"minecraft:baked_potato":14,"minecraft:wooden_pickaxe":1,"minecraft:bucket":1,"minecraft:stone_axe":3,"minecraft:air":0,"minecraft:oak_fence_gate":1,"minecraft:charcoal":14,"minecraft:stick":40,"minecraft:iron_ingot":8,"minecraft:iron_pickaxe":1,"minecraft:stone_sword":1,"minecraft:torch":36},"minecraft:custom":{"minecraft:mob_kills":21,"minecraft:interact_with_crafting_table":20,"minecraft:bell_ring":2,"minecraft:leave_game":12,"minecraft:time_since_death":16752,"minecraft:sprint_one_cm":340155,"minecraft:walk_one_cm":232924,"minecraft:drop":20,"minecraft:talked_to_villager":5,"minecraft:play_time":162978,"minecraft:deaths":12,"minecraft:sneak_time":18634,"minecraft:walk_under_water_one_cm":22677,"minecraft:jump":2016,"minecraft:walk_on_water_one_cm":9116,"minecraft:total_world_time":162978,"minecraft:interact_with_furnace":15,"minecraft:tune_noteblock":4,"minecraft:sleep_in_bed":6,"minecraft:time_since_rest":283,"minecraft:damage_taken":3479,"minecraft:damage_dealt":3939,"minecraft:swim_one_cm":56936,"minecraft:fly_one_cm":531744,"minecraft:open_chest":14,"minecraft:crouch_one_cm":64096,"minecraft:fall_one_cm":56611},"minecraft:mined":{"minecraft:oak_sapling":1,"dodo_mob:iy":2,"minecraft:oak_door":14,"minecraft:granite":2,"minecraft:grass_block":265,"minecraft:furnace":1,"minecraft:carrots":5,"minecraft:iron_ore":6,"minecraft:acacia_wood":4,"minecraft:enchanting_table":1,"minecraft:potatoes":5,"minecraft:vine":1,"minecraft:stone":349,"minecraft:red_bed":1,"minecraft:crafting_table":1,"minecraft:torch":2,"iceandfire:ghost_chest":1,"minecraft:tall_grass":52,"minecraft:sugar_cane":1,"minecraft:oak_planks":5,"minecraft:wall_torch":1,"minecraft:wheat":12,"minecraft:yellow_bed":1,"minecraft:grass":64,"minecraft:oak_log":76,"minecraft:coal_ore":28,"minecraft:dirt":47,"minecraft:sand":3,"minecraft:smooth_quartz":2,"minecraft:cobweb":8,"minecraft:oak_leaves":48}},"DataVersion":3120}