{"stats":{"minecraft:used":{"dodo_mob:vvv":2,"minecraft:oak_fence":6,"minecraft:wheat_seeds":12,"minecraft:stone_pickaxe":378,"minecraft:stone_shovel":268,"minecraft:oak_planks":79,"minecraft:chest":1,"minecraft:wooden_pickaxe":4,"betteranimalsplus:pheasant_egg":1,"minecraft:bell":1,"minecraft:rotten_flesh":2,"minecraft:oak_door":12,"minecraft:sand":3,"minecraft:torch":14,"minecraft:dirt":102,"minecraft:crafting_table":5,"minecraft:carrot":17,"minecraft:oak_fence_gate":1,"minecraft:stone_axe":143,"minecraft:cobblestone":74,"minecraft:written_book":1,"minecraft:oak_sapling":22,"minecraft:furnace":2,"minecraft:yellow_bed":2,"minecraft:potato":5,"minecraft:bone_meal":6},"minecraft:killed":{"minecraft:pig":3,"minecraft:spider":1,"betteranimalsplus:pheasant":1,"minecraft:creeper":1,"minecraft:horse":3,"minecraft:sheep":2,"minecraft:zombie":2,"betteranimalsplus:songbird":3},"minecraft:broken":{"minecraft:stone_pickaxe":1,"minecraft:stone_axe":1,"minecraft:stone_shovel":2},"minecraft:picked_up":{"minecraft:charcoal":13,"minecraft:crafting_table":1,"minecraft:wheat":26,"minecraft:feather":8,"minecraft:leather":15,"minecraft:wooden_pickaxe":3,"minecraft:acacia_wood":4,"minecraft:potato":33,"minecraft:oak_log":106,"iceandfire:ectoplasm":5,"minecraft:yellow_bed":3,"minecraft:gunpowder":2,"minecraft:dirt":364,"minecraft:string":6,"betteranimalsplus:pheasant_egg":1,"minecraft:bone":2,"minecraft:apple":2,"dodo_mob:vvv":2,"minecraft:wheat_seeds":84,"minecraft:bell":1,"minecraft:iron_ingot":2,"minecraft:stone_pickaxe":5,"minecraft:written_book":1,"minecraft:smooth_quartz":1,"minecraft:sugar_cane":2,"minecraft:oak_planks":155,"minecraft:furnace":2,"minecraft:stick":29,"minecraft:raw_iron":10,"minecraft:oak_door":10,"minecraft:torch":3,"betteranimalsplus:pheasantraw":1,"minecraft:porkchop":16,"minecraft:sand":3,"minecraft:carrot":17,"betteranimalsplus:eel_meat_raw":2,"minecraft:stone_shovel":1,"minecraft:rotten_flesh":4,"minecraft:stone_axe":5,"minecraft:granite":2,"minecraft:bone_meal":1,"minecraft:emerald":1,"minecraft:oak_sapling":25,"minecraft:mutton":9,"minecraft:coal":20,"minecraft:white_wool":6,"minecraft:cobblestone":443},"minecraft:dropped":{"minecraft:stone_axe":1,"minecraft:porkchop":1,"minecraft:wheat_seeds":1,"minecraft:rotten_flesh":2,"man:cassette_1safetyinstructions":1,"minecraft:seagrass":2,"minecraft:written_book":1},"minecraft:killed_by":{"betteranimalsplus:coyote":1,"man:managgresive":1,"the_bath:the_bath":3,"minecraft:wither_skeleton":1,"minecraft:skeleton":1,"minecraft:creeper":2,"minecraft:spider":1,"minecraft:enderman":1},"minecraft:crafted":{"minecraft:oak_door":3,"minecraft:oak_planks":216,"minecraft:stone_shovel":3,"minecraft:crafting_table":4,"minecraft:wooden_pickaxe":1,"minecraft:baked_potato":14,"minecraft:furnace":1,"minecraft:bone_meal":6,"minecraft:stone_axe":3,"minecraft:air":0,"minecraft:oak_fence_gate":1,"minecraft:charcoal":14,"minecraft:stick":40,"minecraft:iron_ingot":2,"minecraft:stone_pickaxe":5,"minecraft:chest":1,"minecraft:torch":36,"minecraft:oak_fence":6},"minecraft:mined":{"dodo_mob:iy":2,"minecraft:oak_sapling":1,"minecraft:oak_door":10,"minecraft:crafting_table":1,"minecraft:granite":2,"minecraft:grass_block":264,"minecraft:tall_grass":52,"minecraft:oak_planks":5,"minecraft:sugar_cane":1,"minecraft:wall_torch":1,"minecraft:furnace":1,"minecraft:carrots":5,"minecraft:iron_ore":6,"minecraft:wheat":12,"minecraft:acacia_wood":4,"minecraft:grass":64,"minecraft:potatoes":4,"minecraft:coal_ore":20,"minecraft:oak_log":76,"minecraft:smooth_quartz":2,"minecraft:sand":3,"minecraft:dirt":47,"minecraft:stone":349,"minecraft:oak_leaves":42},"minecraft:custom":{"minecraft:interact_with_furnace":9,"minecraft:mob_kills":17,"minecraft:interact_with_crafting_table":16,"minecraft:bell_ring":2,"minecraft:leave_game":12,"minecraft:time_since_death":20131,"minecraft:sleep_in_bed":4,"minecraft:time_since_rest":20180,"minecraft:sprint_one_cm":253740,"minecraft:damage_taken":3169,"minecraft:walk_one_cm":169479,"minecraft:drop":8,"minecraft:damage_dealt":3219,"minecraft:swim_one_cm":49408,"minecraft:talked_to_villager":3,"minecraft:fly_one_cm":422487,"minecraft:open_chest":7,"minecraft:crouch_one_cm":61944,"minecraft:play_time":138978,"minecraft:deaths":11,"minecraft:sneak_time":17771,"minecraft:walk_under_water_one_cm":13463,"minecraft:jump":1632,"minecraft:walk_on_water_one_cm":7634,"minecraft:total_world_time":138978,"minecraft:fall_one_cm":47105}},"DataVersion":3120}