{"stats":{"minecraft:mined":{"minecraft:cobblestone":1,"minecraft:tripwire":2},"minecraft:killed_by":{"minecraft:skeleton":2},"minecraft:picked_up":{"minecraft:light_gray_concrete":1,"minecraft:stone":9,"minecraft:stick":4,"minecraft:arrow":2,"minecraft:stone_sword":2,"minecraft:bone":2,"minecraft:chiseled_quartz_block":6,"minecraft:iron_ingot":3,"minecraft:stone_pickaxe":5,"minecraft:redstone_torch":4,"minecraft:iron_pickaxe":2,"minecraft:string":1,"minecraft:oak_planks":10,"minecraft:cobblestone":1},"minecraft:custom":{"minecraft:time_since_rest":816,"minecraft:open_chest":3,"minecraft:crouch_one_cm":1922,"minecraft:walk_one_cm":32328,"minecraft:play_time":8532,"minecraft:sprint_one_cm":23644,"minecraft:damage_taken":540,"minecraft:deaths":2,"minecraft:sneak_time":1356,"minecraft:mob_kills":1,"minecraft:jump":99,"minecraft:damage_dealt":684,"minecraft:time_since_death":788,"minecraft:total_world_time":8532,"minecraft:climb_one_cm":2824,"minecraft:interact_with_crafting_table":1,"minecraft:fall_one_cm":2169,"minecraft:fly_one_cm":13224},"minecraft:killed":{"minecraft:skeleton":1},"minecraft:used":{"minecraft:stone_sword":42,"minecraft:stone_pickaxe":1},"minecraft:crafted":{"minecraft:stick":4,"minecraft:iron_pickaxe":1}},"DataVersion":3120}