{"stats":{"minecraft:killed_by":{"minecraft:skeleton":2,"betteranimalsplus:boar":1},"minecraft:mined":{"minecraft:hay_block":54,"minecraft:chiseled_quartz_block":1,"minecraft:crafting_table":2,"minecraft:grass":4,"minecraft:emerald_ore":1,"minecraft:grass_block":7,"minecraft:dirt":3,"minecraft:cobblestone":2,"minecraft:polished_andesite":1,"minecraft:oak_leaves":2,"minecraft:tripwire":2},"minecraft:picked_up":{"minecraft:iron_chestplate":1,"minecraft:enchanting_table":1,"minecraft:crafting_table":2,"minecraft:stick":6,"minecraft:stone":9,"minecraft:ladder":1,"minecraft:iron_door":4,"minecraft:chiseled_quartz_block":9,"minecraft:porkchop":9,"minecraft:dirt":17,"minecraft:string":1,"minecraft:light_gray_concrete":1,"minecraft:stone_sword":2,"minecraft:bone":2,"minecraft:arrow":2,"minecraft:hay_block":54,"minecraft:iron_ingot":3,"minecraft:stone_pickaxe":6,"minecraft:redstone_torch":4,"minecraft:emerald":1,"minecraft:iron_pickaxe":3,"minecraft:stone_hoe":1,"minecraft:mutton":2,"minecraft:oak_planks":93,"minecraft:white_wool":1,"minecraft:cobblestone":26},"minecraft:killed":{"minecraft:sheep":1,"minecraft:skeleton":1},"minecraft:custom":{"minecraft:time_since_rest":2379,"minecraft:sprint_one_cm":100064,"minecraft:damage_taken":1131,"minecraft:walk_one_cm":113080,"minecraft:mob_kills":2,"minecraft:damage_dealt":809,"minecraft:swim_one_cm":17285,"minecraft:interact_with_crafting_table":1,"minecraft:fly_one_cm":109108,"minecraft:open_chest":3,"minecraft:play_time":31757,"minecraft:crouch_one_cm":2050,"minecraft:deaths":3,"minecraft:sneak_time":1387,"minecraft:walk_under_water_one_cm":8559,"minecraft:boat_one_cm":126538,"minecraft:jump":613,"minecraft:leave_game":2,"minecraft:time_since_death":18590,"minecraft:walk_on_water_one_cm":8388,"minecraft:sleep_in_bed":1,"minecraft:total_world_time":31757,"minecraft:climb_one_cm":3064,"minecraft:fall_one_cm":19840},"minecraft:used":{"minecraft:stone_sword":42,"minecraft:stone_pickaxe":2,"minecraft:oak_planks":1,"minecraft:iron_pickaxe":14,"minecraft:cobblestone":1,"minecraft:dirt":10,"minecraft:mutton":2,"minecraft:crafting_table":1,"minecraft:chiseled_quartz_block":2},"minecraft:crafted":{"minecraft:stick":4,"minecraft:iron_pickaxe":1}},"DataVersion":3120}