{"stats":{"minecraft:killed_by":{"minecraft:player":1,"minecraft:wither_skeleton":8,"betteranimalsplus:boar":1,"the_bath:the_bath":1,"minecraft:skeleton":9},"minecraft:mined":{"minecraft:dark_oak_planks":2,"minecraft:spruce_planks":3,"minecraft:grass_block":7,"minecraft:spruce_fence":2,"minecraft:spawner":2,"minecraft:hay_block":54,"minecraft:spruce_wood":1,"minecraft:stone":12,"minecraft:tripwire":2,"minecraft:chiseled_quartz_block":1,"minecraft:crafting_table":3,"minecraft:cornflower":1,"minecraft:torch":5,"minecraft:dark_oak_wood":1,"minecraft:emerald_ore":1,"minecraft:tall_grass":1,"minecraft:cobblestone":2,"minecraft:birch_wood":1,"minecraft:spruce_stairs":1,"minecraft:redstone_torch":1,"minecraft:potted_poppy":1,"minecraft:grass":5,"minecraft:oak_log":1,"minecraft:dirt":3,"minecraft:cyan_carpet":4,"minecraft:smooth_quartz":44,"minecraft:polished_andesite":1,"minecraft:oak_leaves":10},"minecraft:picked_up":{"minecraft:iron_chestplate":1,"minecraft:crafting_table":3,"minecraft:wheat":73,"minecraft:ladder":1,"minecraft:chicken":1,"iceandfire:witherbone":32,"minecraft:flower_pot":9,"minecraft:diamond_sword":9,"minecraft:cornflower":6,"minecraft:string":49,"minecraft:cyan_carpet":17,"minecraft:gold_nugget":19,"minecraft:spruce_planks":10,"minecraft:oak_boat":10,"minecraft:redstone_torch":8,"iceandfire:wither_shard":54,"minecraft:iron_pickaxe":3,"minecraft:poppy":9,"minecraft:smooth_quartz":150,"minecraft:enchanted_golden_apple":5,"minecraft:birch_sapling":2,"minecraft:stick":119,"minecraft:stone":9,"iceandfire:troll_tusk":8,"minecraft:torch":79,"minecraft:spruce_stairs":3,"minecraft:spruce_fence":7,"minecraft:porkchop":9,"minecraft:golden_chestplate":1,"minecraft:iron_horse_armor":14,"minecraft:dark_oak_planks":9,"iceandfire:silver_ingot":2,"minecraft:stone_sword":7,"minecraft:arrow":72,"minecraft:rotten_flesh":35,"minecraft:hay_block":54,"minecraft:gold_ingot":139,"minecraft:mutton":2,"minecraft:white_wool":1,"minecraft:cobblestone":43,"minecraft:enchanting_table":1,"minecraft:feather":2,"minecraft:iron_door":4,"minecraft:chiseled_quartz_block":9,"iceandfire:troll_leather_mountain":28,"minecraft:potato":4,"minecraft:oak_log":1,"minecraft:chainmail_chestplate":15,"minecraft:gunpowder":45,"minecraft:dirt":17,"minecraft:name_tag":8,"minecraft:bone":151,"minecraft:birch_wood":4,"minecraft:spruce_wood":2,"minecraft:stone_pickaxe":24,"minecraft:iron_ingot":5,"minecraft:stone_hoe":13,"minecraft:oak_planks":93,"minecraft:iron_sword":11,"minecraft:music_disc_13":5,"minecraft:spider_eye":16,"man:tearoftheman":2,"minecraft:light_gray_concrete":1,"minecraft:diamond":10,"minecraft:chainmail_leggings":4,"minecraft:emerald":35,"minecraft:bread":94,"minecraft:chainmail_helmet":11,"minecraft:dark_oak_wood":3,"minecraft:coal":36},"minecraft:dropped":{"minecraft:stone_hoe":1,"minecraft:bread":1,"minecraft:iron_sword":1,"minecraft:cobblestone":14,"minecraft:spruce_stairs":1,"minecraft:chainmail_helmet":1,"minecraft:stick":64,"minecraft:torch":51,"minecraft:dark_oak_wood":2,"minecraft:smooth_quartz":14,"minecraft:gold_nugget":21,"minecraft:chainmail_leggings":2,"minecraft:dark_oak_planks":7,"minecraft:bone":5,"minecraft:golden_chestplate":1,"minecraft:stone_sword":4,"iceandfire:witherbone":2,"minecraft:birch_wood":1,"minecraft:enchanted_golden_apple":2,"minecraft:chainmail_chestplate":2,"minecraft:diamond_sword":1,"minecraft:poppy":3,"minecraft:potato":1,"man:tearoftheman":2,"minecraft:gunpowder":4,"minecraft:spruce_planks":4,"iceandfire:silver_ingot":1,"minecraft:spider_eye":1,"minecraft:arrow":2,"minecraft:stone_pickaxe":9},"minecraft:custom":{"minecraft:mob_kills":29,"minecraft:interact_with_crafting_table":12,"minecraft:bell_ring":5,"minecraft:damage_dealt_resisted":1496,"minecraft:leave_game":2,"minecraft:time_since_death":310,"minecraft:climb_one_cm":3064,"minecraft:sprint_one_cm":325186,"minecraft:walk_one_cm":313614,"minecraft:drop":223,"minecraft:play_noteblock":3,"minecraft:play_time":103757,"minecraft:deaths":20,"minecraft:sneak_time":2648,"minecraft:walk_under_water_one_cm":11267,"minecraft:boat_one_cm":189377,"minecraft:jump":2048,"minecraft:walk_on_water_one_cm":13697,"minecraft:total_world_time":103757,"minecraft:interact_with_furnace":2,"minecraft:tune_noteblock":77,"minecraft:sleep_in_bed":3,"minecraft:time_since_rest":337,"minecraft:damage_taken":7547,"minecraft:damage_dealt":8421,"minecraft:swim_one_cm":37779,"minecraft:player_kills":1,"minecraft:fly_one_cm":451077,"minecraft:open_chest":14,"minecraft:crouch_one_cm":3080,"minecraft:fall_one_cm":51875},"minecraft:killed":{"betteranimalsplus:coyote":1,"minecraft:cave_spider":4,"minecraft:spider":5,"minecraft:skeleton":2,"minecraft:sheep":1,"minecraft:zombie":2,"minecraft:wither_skeleton":13},"minecraft:used":{"minecraft:stone_sword":42,"minecraft:spruce_planks":2,"minecraft:iron_sword":192,"minecraft:stone_hoe":16,"minecraft:torch":6,"minecraft:dirt":10,"minecraft:mutton":2,"minecraft:spruce_fence":1,"minecraft:smooth_quartz":40,"minecraft:potato":1,"minecraft:stone_pickaxe":67,"minecraft:oak_planks":4,"minecraft:crafting_table":2,"minecraft:chiseled_quartz_block":2,"minecraft:redstone_torch":4,"minecraft:bread":20,"minecraft:iron_pickaxe":14,"minecraft:diamond_sword":11,"minecraft:cobblestone":1,"minecraft:porkchop":6},"minecraft:crafted":{"minecraft:oak_planks":4,"minecraft:stone_pickaxe":1,"minecraft:dark_oak_planks":4,"minecraft:wheat":108,"minecraft:spruce_planks":8,"minecraft:iron_sword":2,"minecraft:bread":36,"minecraft:stick":28,"minecraft:iron_pickaxe":1}},"DataVersion":3120}