{"stats":{"minecraft:killed_by":{"the_bath:the_bath":1,"minecraft:player":1,"minecraft:wither_skeleton":2,"betteranimalsplus:boar":1,"minecraft:skeleton":6},"minecraft:mined":{"minecraft:dark_oak_planks":2,"minecraft:chiseled_quartz_block":1,"minecraft:crafting_table":3,"minecraft:cornflower":1,"minecraft:torch":5,"minecraft:emerald_ore":1,"minecraft:spruce_fence":2,"minecraft:grass_block":7,"minecraft:cobblestone":2,"minecraft:tall_grass":1,"minecraft:spawner":2,"minecraft:spruce_stairs":1,"minecraft:hay_block":54,"minecraft:redstone_torch":1,"minecraft:potted_poppy":1,"minecraft:grass":5,"minecraft:oak_log":1,"minecraft:cyan_carpet":4,"minecraft:smooth_quartz":35,"minecraft:dirt":3,"minecraft:spruce_wood":1,"minecraft:stone":12,"minecraft:polished_andesite":1,"minecraft:oak_leaves":10,"minecraft:tripwire":2},"minecraft:picked_up":{"minecraft:enchanting_table":1,"minecraft:crafting_table":3,"minecraft:iron_chestplate":1,"minecraft:wheat":29,"minecraft:feather":2,"iceandfire:witherbone":5,"minecraft:flower_pot":3,"minecraft:chicken":1,"minecraft:ladder":1,"minecraft:iron_door":4,"minecraft:diamond_sword":2,"iceandfire:troll_leather_mountain":12,"minecraft:chiseled_quartz_block":9,"minecraft:potato":1,"minecraft:oak_log":1,"minecraft:chainmail_chestplate":6,"minecraft:gunpowder":1,"minecraft:string":12,"minecraft:cornflower":1,"minecraft:dirt":17,"minecraft:name_tag":2,"minecraft:cyan_carpet":14,"minecraft:bone":47,"minecraft:gold_nugget":19,"minecraft:birch_wood":2,"minecraft:spruce_planks":3,"minecraft:spruce_wood":2,"minecraft:iron_ingot":5,"minecraft:stone_pickaxe":18,"minecraft:oak_boat":7,"minecraft:redstone_torch":8,"minecraft:poppy":7,"minecraft:smooth_quartz":61,"minecraft:iron_pickaxe":3,"minecraft:enchanted_golden_apple":2,"minecraft:iron_sword":7,"minecraft:oak_planks":93,"minecraft:stone_hoe":9,"minecraft:stick":49,"minecraft:stone":9,"minecraft:music_disc_13":2,"minecraft:torch":62,"minecraft:spruce_stairs":2,"minecraft:spruce_fence":4,"minecraft:porkchop":9,"minecraft:iron_horse_armor":4,"minecraft:golden_chestplate":1,"minecraft:dark_oak_planks":5,"man:tearoftheman":2,"minecraft:light_gray_concrete":1,"minecraft:stone_sword":5,"iceandfire:silver_ingot":2,"minecraft:arrow":16,"minecraft:rotten_flesh":19,"minecraft:diamond":10,"minecraft:chainmail_leggings":2,"minecraft:hay_block":54,"minecraft:gold_ingot":14,"minecraft:chainmail_helmet":3,"minecraft:bread":84,"minecraft:emerald":35,"minecraft:dark_oak_wood":2,"minecraft:coal":3,"minecraft:mutton":2,"minecraft:cobblestone":43,"minecraft:white_wool":1},"minecraft:dropped":{"minecraft:golden_chestplate":1,"minecraft:stone_sword":3,"minecraft:cobblestone":14,"minecraft:spruce_stairs":1,"minecraft:stick":64,"minecraft:poppy":2,"man:tearoftheman":2,"minecraft:torch":48,"minecraft:spruce_planks":2,"minecraft:dark_oak_wood":2,"minecraft:smooth_quartz":13,"iceandfire:silver_ingot":1,"minecraft:gold_nugget":21,"minecraft:stone_pickaxe":5,"minecraft:chainmail_leggings":1,"minecraft:dark_oak_planks":5,"minecraft:bone":2},"minecraft:killed":{"betteranimalsplus:coyote":1,"minecraft:cave_spider":4,"minecraft:spider":2,"minecraft:sheep":1,"minecraft:skeleton":2,"minecraft:zombie":2,"minecraft:wither_skeleton":5},"minecraft:custom":{"minecraft:interact_with_furnace":2,"minecraft:mob_kills":19,"minecraft:interact_with_crafting_table":12,"minecraft:tune_noteblock":77,"minecraft:bell_ring":5,"minecraft:damage_dealt_resisted":861,"minecraft:leave_game":2,"minecraft:time_since_death":2185,"minecraft:sleep_in_bed":3,"minecraft:climb_one_cm":3064,"minecraft:time_since_rest":2224,"minecraft:sprint_one_cm":295610,"minecraft:damage_taken":4702,"minecraft:walk_one_cm":262987,"minecraft:drop":185,"minecraft:damage_dealt":5569,"minecraft:play_noteblock":3,"minecraft:swim_one_cm":37779,"minecraft:fly_one_cm":419344,"minecraft:player_kills":1,"minecraft:open_chest":14,"minecraft:crouch_one_cm":3080,"minecraft:play_time":91757,"minecraft:deaths":11,"minecraft:sneak_time":2648,"minecraft:walk_under_water_one_cm":11267,"minecraft:boat_one_cm":189377,"minecraft:jump":1900,"minecraft:walk_on_water_one_cm":13697,"minecraft:total_world_time":91757,"minecraft:fall_one_cm":49872},"minecraft:used":{"minecraft:stone_sword":42,"minecraft:stone_pickaxe":58,"minecraft:oak_planks":4,"minecraft:spruce_planks":1,"minecraft:iron_sword":126,"minecraft:stone_hoe":16,"minecraft:torch":6,"minecraft:dirt":10,"minecraft:mutton":2,"minecraft:crafting_table":2,"minecraft:chiseled_quartz_block":2,"minecraft:spruce_fence":1,"minecraft:redstone_torch":4,"minecraft:bread":19,"minecraft:iron_pickaxe":14,"minecraft:smooth_quartz":26,"minecraft:cobblestone":1,"minecraft:porkchop":6,"minecraft:potato":1},"minecraft:crafted":{"minecraft:oak_planks":4,"minecraft:spruce_planks":8,"minecraft:iron_sword":2,"minecraft:bread":36,"minecraft:stick":28,"minecraft:iron_pickaxe":1,"minecraft:stone_pickaxe":1,"minecraft:wheat":108}},"DataVersion":3120}