{"stats":{"minecraft:killed_by":{"the_bath:the_bath":1,"minecraft:player":1,"betteranimalsplus:boar":1,"minecraft:skeleton":6},"minecraft:mined":{"minecraft:dark_oak_planks":1,"minecraft:chiseled_quartz_block":1,"minecraft:crafting_table":3,"minecraft:cornflower":1,"minecraft:torch":3,"minecraft:emerald_ore":1,"minecraft:grass_block":7,"minecraft:cobblestone":2,"minecraft:tall_grass":1,"minecraft:spawner":2,"minecraft:spruce_stairs":1,"minecraft:hay_block":54,"minecraft:redstone_torch":1,"minecraft:potted_poppy":1,"minecraft:grass":5,"minecraft:oak_log":1,"minecraft:cyan_carpet":1,"minecraft:smooth_quartz":4,"minecraft:dirt":3,"minecraft:spruce_wood":1,"minecraft:stone":12,"minecraft:polished_andesite":1,"minecraft:oak_leaves":10,"minecraft:tripwire":2},"minecraft:picked_up":{"minecraft:enchanting_table":1,"minecraft:crafting_table":3,"minecraft:iron_chestplate":1,"minecraft:wheat":29,"minecraft:feather":2,"minecraft:flower_pot":3,"minecraft:chicken":1,"minecraft:ladder":1,"minecraft:iron_door":4,"minecraft:chiseled_quartz_block":9,"minecraft:potato":1,"minecraft:oak_log":1,"minecraft:chainmail_chestplate":2,"minecraft:gunpowder":1,"minecraft:string":9,"minecraft:cornflower":1,"minecraft:dirt":17,"minecraft:cyan_carpet":8,"minecraft:bone":21,"minecraft:gold_nugget":19,"minecraft:spruce_planks":3,"minecraft:spruce_wood":2,"minecraft:iron_ingot":5,"minecraft:stone_pickaxe":16,"minecraft:oak_boat":5,"minecraft:redstone_torch":8,"minecraft:poppy":5,"minecraft:smooth_quartz":25,"minecraft:iron_pickaxe":3,"minecraft:iron_sword":5,"minecraft:oak_planks":93,"minecraft:stone_hoe":7,"minecraft:stick":49,"minecraft:stone":9,"minecraft:music_disc_13":2,"minecraft:torch":59,"minecraft:spruce_stairs":2,"minecraft:porkchop":9,"minecraft:iron_horse_armor":2,"minecraft:golden_chestplate":1,"minecraft:dark_oak_planks":4,"man:tearoftheman":2,"minecraft:light_gray_concrete":1,"minecraft:stone_sword":5,"iceandfire:silver_ingot":2,"minecraft:arrow":8,"minecraft:rotten_flesh":11,"minecraft:diamond":10,"minecraft:hay_block":54,"minecraft:chainmail_helmet":1,"minecraft:bread":61,"minecraft:emerald":1,"minecraft:mutton":2,"minecraft:cobblestone":41,"minecraft:white_wool":1},"minecraft:dropped":{"minecraft:golden_chestplate":1,"minecraft:stone_sword":3,"minecraft:cobblestone":12,"minecraft:spruce_stairs":1,"minecraft:stick":64,"minecraft:poppy":2,"man:tearoftheman":2,"minecraft:torch":48,"minecraft:spruce_planks":2,"minecraft:smooth_quartz":13,"iceandfire:silver_ingot":1,"minecraft:gold_nugget":21,"minecraft:stone_pickaxe":5,"minecraft:chainmail_leggings":1,"minecraft:dark_oak_planks":4,"minecraft:bone":2},"minecraft:killed":{"betteranimalsplus:coyote":1,"minecraft:cave_spider":2,"minecraft:spider":1,"minecraft:sheep":1,"minecraft:skeleton":2,"minecraft:zombie":2},"minecraft:custom":{"minecraft:interact_with_furnace":2,"minecraft:mob_kills":9,"minecraft:interact_with_crafting_table":12,"minecraft:tune_noteblock":77,"minecraft:bell_ring":5,"minecraft:damage_dealt_resisted":225,"minecraft:leave_game":2,"minecraft:time_since_death":1139,"minecraft:sleep_in_bed":3,"minecraft:climb_one_cm":3064,"minecraft:time_since_rest":1164,"minecraft:sprint_one_cm":282539,"minecraft:damage_taken":3684,"minecraft:walk_one_cm":218052,"minecraft:drop":182,"minecraft:damage_dealt":2489,"minecraft:play_noteblock":3,"minecraft:swim_one_cm":37779,"minecraft:fly_one_cm":413172,"minecraft:player_kills":1,"minecraft:open_chest":13,"minecraft:crouch_one_cm":2050,"minecraft:play_time":79757,"minecraft:deaths":9,"minecraft:sneak_time":1397,"minecraft:walk_under_water_one_cm":11267,"minecraft:boat_one_cm":189377,"minecraft:jump":1796,"minecraft:walk_on_water_one_cm":13697,"minecraft:total_world_time":79757,"minecraft:fall_one_cm":49394},"minecraft:used":{"minecraft:stone_sword":42,"minecraft:stone_pickaxe":23,"minecraft:oak_planks":4,"minecraft:spruce_planks":1,"minecraft:iron_sword":42,"minecraft:stone_hoe":16,"minecraft:torch":2,"minecraft:dirt":10,"minecraft:mutton":2,"minecraft:crafting_table":2,"minecraft:chiseled_quartz_block":2,"minecraft:redstone_torch":4,"minecraft:bread":15,"minecraft:iron_pickaxe":14,"minecraft:smooth_quartz":2,"minecraft:cobblestone":1,"minecraft:porkchop":6,"minecraft:potato":1},"minecraft:crafted":{"minecraft:oak_planks":4,"minecraft:spruce_planks":8,"minecraft:iron_sword":2,"minecraft:bread":36,"minecraft:stick":28,"minecraft:iron_pickaxe":1,"minecraft:stone_pickaxe":1,"minecraft:wheat":108}},"DataVersion":3120}