{"stats":{"minecraft:killed_by":{"betteranimalsplus:boar":1,"minecraft:skeleton":2},"minecraft:mined":{"minecraft:chiseled_quartz_block":1,"minecraft:crafting_table":3,"minecraft:cornflower":1,"minecraft:emerald_ore":1,"minecraft:grass_block":7,"minecraft:cobblestone":2,"minecraft:tall_grass":1,"minecraft:hay_block":54,"minecraft:grass":4,"minecraft:dirt":3,"minecraft:polished_andesite":1,"minecraft:oak_leaves":8,"minecraft:tripwire":2},"minecraft:picked_up":{"minecraft:enchanting_table":1,"minecraft:crafting_table":3,"minecraft:iron_chestplate":1,"minecraft:feather":2,"minecraft:chicken":1,"minecraft:ladder":1,"minecraft:iron_door":4,"minecraft:chiseled_quartz_block":9,"minecraft:string":1,"minecraft:cornflower":1,"minecraft:dirt":17,"minecraft:bone":2,"minecraft:gold_nugget":19,"minecraft:iron_ingot":5,"minecraft:stone_pickaxe":6,"minecraft:redstone_torch":4,"minecraft:iron_pickaxe":3,"minecraft:oak_planks":93,"minecraft:stone_hoe":1,"minecraft:stick":6,"minecraft:stone":9,"minecraft:porkchop":9,"minecraft:light_gray_concrete":1,"minecraft:stone_sword":2,"iceandfire:silver_ingot":2,"minecraft:arrow":2,"minecraft:hay_block":54,"minecraft:emerald":1,"minecraft:mutton":2,"minecraft:cobblestone":26,"minecraft:white_wool":1},"minecraft:dropped":{"iceandfire:silver_ingot":1,"minecraft:gold_nugget":21},"minecraft:killed":{"betteranimalsplus:coyote":1,"minecraft:sheep":1,"minecraft:skeleton":1},"minecraft:custom":{"minecraft:mob_kills":3,"minecraft:interact_with_crafting_table":9,"minecraft:tune_noteblock":77,"minecraft:bell_ring":5,"minecraft:leave_game":2,"minecraft:time_since_death":42590,"minecraft:sleep_in_bed":2,"minecraft:climb_one_cm":3064,"minecraft:time_since_rest":9439,"minecraft:sprint_one_cm":191744,"minecraft:damage_taken":1568,"minecraft:walk_one_cm":151904,"minecraft:drop":22,"minecraft:damage_dealt":1119,"minecraft:play_noteblock":3,"minecraft:swim_one_cm":34007,"minecraft:fly_one_cm":278247,"minecraft:player_kills":1,"minecraft:open_chest":9,"minecraft:crouch_one_cm":2050,"minecraft:play_time":55757,"minecraft:deaths":3,"minecraft:sneak_time":1390,"minecraft:walk_under_water_one_cm":10456,"minecraft:boat_one_cm":170741,"minecraft:jump":1254,"minecraft:walk_on_water_one_cm":12633,"minecraft:total_world_time":55757,"minecraft:fall_one_cm":36535},"minecraft:used":{"minecraft:stone_sword":42,"minecraft:stone_pickaxe":2,"minecraft:oak_planks":4,"minecraft:iron_sword":10,"minecraft:dirt":10,"minecraft:mutton":2,"minecraft:crafting_table":2,"minecraft:chiseled_quartz_block":2,"minecraft:bread":7,"minecraft:iron_pickaxe":14,"minecraft:cobblestone":1,"minecraft:porkchop":6},"minecraft:crafted":{"minecraft:iron_sword":1,"minecraft:bread":36,"minecraft:stick":4,"minecraft:iron_pickaxe":1,"minecraft:wheat":108}},"DataVersion":3120}