{"stats":{"minecraft:killed":{"betteranimalsplus:coyote":1,"minecraft:cave_spider":7,"minecraft:spider":9,"minecraft:skeleton":2,"minecraft:sheep":1,"minecraft:zombie":2,"minecraft:wither_skeleton":13},"minecraft:picked_up":{"minecraft:iron_chestplate":1,"minecraft:crafting_table":3,"minecraft:wheat":77,"minecraft:ladder":1,"iceandfire:witherbone":54,"minecraft:chainmail_boots":4,"minecraft:chicken":1,"minecraft:flower_pot":9,"minecraft:diamond_sword":16,"minecraft:enchanted_book":2,"minecraft:diamond_horse_armor":3,"minecraft:cornflower":6,"minecraft:string":198,"minecraft:cyan_carpet":17,"minecraft:gold_nugget":53,"minecraft:bucket":3,"minecraft:spruce_planks":10,"minecraft:oak_boat":10,"minecraft:redstone_torch":8,"minecraft:written_book":1,"iceandfire:wither_shard":108,"minecraft:smooth_quartz":189,"minecraft:poppy":12,"minecraft:iron_pickaxe":3,"minecraft:enchanted_golden_apple":6,"minecraft:birch_sapling":2,"minecraft:stick":119,"minecraft:stone":9,"iceandfire:troll_tusk":8,"minecraft:torch":80,"minecraft:spruce_stairs":3,"minecraft:spruce_fence":7,"minecraft:porkchop":9,"minecraft:golden_chestplate":2,"minecraft:iron_horse_armor":20,"minecraft:dark_oak_planks":17,"minecraft:stone_sword":7,"iceandfire:silver_ingot":2,"minecraft:arrow":105,"minecraft:rotten_flesh":41,"minecraft:hay_block":54,"minecraft:gold_ingot":275,"minecraft:mutton":2,"minecraft:cobblestone":43,"minecraft:white_wool":1,"minecraft:enchanting_table":1,"minecraft:feather":5,"minecraft:iron_door":4,"iceandfire:troll_leather_mountain":40,"minecraft:chiseled_quartz_block":9,"minecraft:potato":35,"minecraft:birch_planks":4,"minecraft:oak_log":1,"minecraft:chainmail_chestplate":20,"minecraft:gunpowder":81,"minecraft:dirt":18,"minecraft:name_tag":11,"minecraft:bone":284,"minecraft:birch_wood":4,"minecraft:spruce_wood":2,"minecraft:stone_pickaxe":25,"minecraft:iron_ingot":5,"minecraft:stone_hoe":16,"minecraft:iron_sword":12,"minecraft:oak_planks":93,"minecraft:music_disc_13":8,"minecraft:spider_eye":29,"man:tearoftheman":2,"minecraft:light_gray_concrete":1,"minecraft:diamond":10,"minecraft:stone_axe":1,"minecraft:chainmail_leggings":8,"minecraft:golden_apple":1,"minecraft:emerald":74,"minecraft:bread":193,"minecraft:golden_horse_armor":3,"minecraft:chainmail_helmet":18,"minecraft:oak_sapling":1,"minecraft:dark_oak_wood":4,"minecraft:coal":36},"minecraft:used":{"minecraft:stone_sword":42,"minecraft:spruce_planks":2,"minecraft:iron_sword":192,"minecraft:stone_hoe":16,"minecraft:torch":6,"minecraft:dirt":11,"minecraft:mutton":2,"minecraft:spruce_fence":1,"minecraft:dark_oak_planks":3,"minecraft:lava_bucket":2,"minecraft:smooth_quartz":53,"minecraft:potato":1,"minecraft:stone_pickaxe":67,"minecraft:oak_planks":4,"minecraft:crafting_table":2,"minecraft:chiseled_quartz_block":2,"minecraft:redstone_torch":4,"minecraft:bread":28,"minecraft:iron_pickaxe":14,"minecraft:diamond_sword":56,"minecraft:cobblestone":1,"minecraft:porkchop":6,"minecraft:bucket":3},"minecraft:mined":{"minecraft:dark_oak_planks":5,"minecraft:spruce_planks":3,"minecraft:grass_block":8,"minecraft:spruce_fence":2,"minecraft:spawner":2,"minecraft:hay_block":54,"minecraft:spruce_wood":1,"minecraft:stone":12,"minecraft:tripwire":2,"minecraft:chiseled_quartz_block":1,"minecraft:crafting_table":3,"minecraft:cornflower":1,"minecraft:torch":5,"minecraft:dark_oak_wood":2,"minecraft:emerald_ore":1,"minecraft:tall_grass":1,"minecraft:cobblestone":2,"minecraft:birch_wood":1,"minecraft:spruce_stairs":1,"minecraft:redstone_torch":1,"minecraft:potted_poppy":1,"minecraft:grass":5,"minecraft:oak_log":1,"minecraft:dirt":3,"minecraft:cyan_carpet":4,"minecraft:smooth_quartz":44,"minecraft:polished_andesite":1,"minecraft:oak_leaves":10},"minecraft:dropped":{"minecraft:stone_hoe":1,"minecraft:enchanted_book":1,"minecraft:bread":1,"minecraft:iron_sword":2,"minecraft:birch_planks":1,"minecraft:cobblestone":14,"minecraft:spruce_stairs":1,"minecraft:chainmail_helmet":2,"minecraft:golden_apple":1,"minecraft:stick":64,"minecraft:torch":51,"minecraft:dark_oak_wood":2,"minecraft:smooth_quartz":14,"minecraft:gold_nugget":21,"minecraft:chainmail_leggings":3,"minecraft:dark_oak_planks":7,"minecraft:bone":5,"minecraft:golden_chestplate":2,"minecraft:stone_sword":4,"iceandfire:witherbone":2,"minecraft:rotten_flesh":1,"minecraft:enchanted_golden_apple":3,"minecraft:birch_wood":1,"minecraft:chainmail_chestplate":3,"minecraft:diamond_sword":2,"minecraft:poppy":3,"minecraft:potato":1,"man:tearoftheman":2,"minecraft:gunpowder":4,"minecraft:spruce_planks":4,"iceandfire:silver_ingot":1,"minecraft:chainmail_boots":1,"minecraft:spider_eye":1,"minecraft:arrow":2,"minecraft:stone_pickaxe":10},"minecraft:killed_by":{"minecraft:player":1,"minecraft:wither_skeleton":10,"betteranimalsplus:boar":1,"the_bath:the_bath":2,"minecraft:skeleton":9},"minecraft:crafted":{"minecraft:oak_planks":4,"minecraft:stone_pickaxe":1,"minecraft:dark_oak_planks":8,"minecraft:wheat":108,"minecraft:spruce_planks":8,"minecraft:iron_sword":2,"minecraft:bread":36,"minecraft:stick":28,"minecraft:iron_pickaxe":1},"minecraft:custom":{"minecraft:mob_kills":34,"minecraft:interact_with_crafting_table":12,"minecraft:bell_ring":5,"minecraft:damage_dealt_resisted":1516,"minecraft:leave_game":3,"minecraft:time_since_death":9802,"minecraft:climb_one_cm":3064,"minecraft:sprint_one_cm":386486,"minecraft:walk_one_cm":364995,"minecraft:drop":236,"minecraft:play_noteblock":3,"minecraft:play_time":120029,"minecraft:deaths":23,"minecraft:sneak_time":2649,"minecraft:walk_under_water_one_cm":12348,"minecraft:boat_one_cm":189377,"minecraft:jump":2397,"minecraft:walk_on_water_one_cm":16032,"minecraft:total_world_time":120029,"minecraft:interact_with_furnace":2,"minecraft:tune_noteblock":77,"minecraft:sleep_in_bed":3,"minecraft:time_since_rest":9829,"minecraft:damage_taken":9023,"minecraft:damage_dealt":11402,"minecraft:swim_one_cm":48378,"minecraft:fly_one_cm":525816,"minecraft:player_kills":2,"minecraft:open_chest":17,"minecraft:crouch_one_cm":3080,"minecraft:fall_one_cm":62125}},"DataVersion":3120}