{"stats":{"minecraft:killed":{"betteranimalsplus:coyote":1,"minecraft:cave_spider":7,"minecraft:spider":10,"minecraft:skeleton":2,"minecraft:sheep":1,"minecraft:zombie":2,"minecraft:wither_skeleton":13},"minecraft:broken":{"minecraft:stone_shovel":1},"minecraft:picked_up":{"minecraft:wooden_axe":1,"minecraft:iron_chestplate":1,"minecraft:crafting_table":3,"minecraft:wheat":89,"minecraft:chicken":1,"minecraft:chainmail_boots":6,"iceandfire:witherbone":76,"minecraft:ladder":1,"minecraft:flower_pot":9,"minecraft:diamond_sword":20,"minecraft:enchanted_book":4,"minecraft:diamond_horse_armor":6,"minecraft:cornflower":6,"minecraft:string":320,"minecraft:raw_copper":14,"minecraft:iron_leggings":1,"minecraft:experience_bottle":45,"minecraft:cyan_carpet":17,"minecraft:diamond_leggings":1,"minecraft:gold_nugget":155,"minecraft:bucket":3,"minecraft:spruce_planks":10,"minecraft:oak_boat":10,"minecraft:redstone_torch":10,"minecraft:written_book":4,"iceandfire:wither_shard":144,"minecraft:smooth_quartz":189,"minecraft:poppy":14,"minecraft:iron_pickaxe":4,"minecraft:enchanted_golden_apple":6,"minecraft:birch_sapling":2,"minecraft:stick":121,"minecraft:raw_iron":8,"minecraft:stone":9,"iceandfire:troll_tusk":8,"minecraft:torch":84,"dodo_mob:fossi":2,"minecraft:spruce_stairs":3,"minecraft:spruce_fence":7,"minecraft:porkchop":19,"minecraft:golden_chestplate":2,"minecraft:iron_horse_armor":26,"minecraft:dark_oak_planks":21,"minecraft:tnt":26,"iceandfire:silver_ingot":2,"minecraft:stone_sword":7,"minecraft:arrow":131,"minecraft:stone_shovel":5,"minecraft:rotten_flesh":43,"minecraft:diamond_chestplate":1,"minecraft:golden_hoe":1,"minecraft:diamond_boots":1,"minecraft:hay_block":55,"minecraft:gold_ingot":349,"minecraft:mutton":2,"minecraft:white_wool":3,"minecraft:cobblestone":117,"minecraft:enchanting_table":1,"minecraft:feather":8,"minecraft:golden_carrot":13,"minecraft:iron_door":4,"minecraft:andesite":7,"minecraft:leather":6,"iceandfire:troll_leather_mountain":44,"minecraft:chiseled_quartz_block":9,"minecraft:potato":91,"minecraft:birch_planks":11,"minecraft:oak_log":19,"minecraft:chainmail_chestplate":27,"iceandfire:ectoplasm":1,"minecraft:yellow_bed":2,"minecraft:gunpowder":107,"minecraft:dirt":702,"minecraft:name_tag":13,"minecraft:bone":374,"minecraft:wheat_seeds":9,"minecraft:birch_wood":4,"minecraft:spruce_wood":2,"minecraft:stone_pickaxe":27,"minecraft:iron_ingot":5,"minecraft:iron_sword":12,"minecraft:stone_hoe":20,"minecraft:oak_planks":95,"minecraft:cooked_porkchop":22,"minecraft:music_disc_13":11,"minecraft:lava_bucket":2,"minecraft:spider_eye":39,"man:tearoftheman":2,"betteranimalsplus:eel_meat_raw":14,"minecraft:light_gray_concrete":1,"minecraft:diamond":10,"minecraft:stone_axe":5,"minecraft:chainmail_leggings":10,"betteranimalsplus:eel_meat_cooked":2,"minecraft:golden_apple":1,"minecraft:emerald":115,"minecraft:golden_horse_armor":5,"minecraft:chainmail_helmet":25,"minecraft:bread":249,"minecraft:oak_sapling":4,"minecraft:dark_oak_wood":4,"minecraft:coal":36},"minecraft:used":{"minecraft:stone_sword":42,"minecraft:stone_shovel":132,"minecraft:chest":2,"minecraft:spruce_planks":2,"minecraft:iron_sword":192,"minecraft:stone_hoe":16,"minecraft:torch":6,"minecraft:dirt":37,"minecraft:mutton":2,"minecraft:chainmail_chestplate":2,"minecraft:spruce_fence":1,"minecraft:dark_oak_planks":3,"minecraft:lava_bucket":4,"minecraft:smooth_quartz":53,"minecraft:diamond_chestplate":1,"minecraft:hay_block":1,"minecraft:potato":38,"minecraft:iron_leggings":1,"minecraft:diamond_boots":1,"minecraft:stone_pickaxe":67,"minecraft:oak_planks":6,"minecraft:chainmail_helmet":1,"minecraft:tnt":26,"minecraft:crafting_table":2,"minecraft:chiseled_quartz_block":2,"minecraft:redstone_torch":4,"minecraft:bread":34,"minecraft:iron_pickaxe":14,"minecraft:diamond_sword":106,"minecraft:cobblestone":1,"minecraft:chainmail_boots":1,"minecraft:porkchop":6,"minecraft:cooked_porkchop":2,"minecraft:bucket":5,"minecraft:chainmail_leggings":2},"minecraft:mined":{"minecraft:dark_oak_planks":5,"minecraft:spruce_planks":3,"minecraft:grass_block":69,"minecraft:spruce_fence":2,"minecraft:spawner":2,"minecraft:hay_block":55,"minecraft:spruce_wood":1,"minecraft:stone":12,"minecraft:tripwire":2,"minecraft:chiseled_quartz_block":1,"minecraft:crafting_table":3,"minecraft:cornflower":1,"minecraft:torch":5,"minecraft:dark_oak_wood":2,"minecraft:emerald_ore":1,"minecraft:tall_grass":1,"minecraft:cobblestone":2,"minecraft:birch_wood":1,"minecraft:oak_planks":2,"minecraft:spruce_stairs":1,"minecraft:redstone_torch":4,"minecraft:potted_poppy":1,"minecraft:grass":15,"minecraft:oak_log":5,"minecraft:dirt":98,"minecraft:cyan_carpet":4,"minecraft:smooth_quartz":44,"minecraft:polished_andesite":1,"minecraft:oak_leaves":11},"minecraft:dropped":{"minecraft:stone_hoe":1,"minecraft:enchanted_book":1,"minecraft:bread":1,"minecraft:iron_sword":2,"minecraft:birch_planks":1,"minecraft:wheat_seeds":5,"minecraft:cobblestone":14,"minecraft:iron_horse_armor":1,"minecraft:spruce_stairs":1,"minecraft:chainmail_helmet":5,"minecraft:golden_apple":1,"minecraft:stick":64,"minecraft:music_disc_13":1,"minecraft:dirt":192,"minecraft:torch":51,"minecraft:dark_oak_wood":2,"minecraft:smooth_quartz":14,"minecraft:gold_nugget":21,"betteranimalsplus:eel_meat_raw":1,"minecraft:chainmail_leggings":3,"minecraft:dark_oak_planks":7,"minecraft:bone":5,"minecraft:golden_chestplate":2,"minecraft:stone_sword":4,"iceandfire:witherbone":2,"minecraft:rotten_flesh":2,"minecraft:enchanted_golden_apple":3,"minecraft:birch_wood":1,"minecraft:chainmail_chestplate":6,"minecraft:diamond_sword":2,"minecraft:poppy":6,"minecraft:potato":2,"man:tearoftheman":2,"minecraft:gunpowder":4,"minecraft:spruce_planks":4,"iceandfire:silver_ingot":1,"minecraft:oak_sapling":1,"minecraft:chainmail_boots":1,"minecraft:spider_eye":6,"minecraft:arrow":2,"minecraft:stone_pickaxe":10},"minecraft:killed_by":{"minecraft:player":5,"minecraft:wither_skeleton":10,"betteranimalsplus:boar":1,"man:managgresive":1,"the_bath:the_bath":3,"minecraft:skeleton":9,"iceandfire:ghost":1},"minecraft:crafted":{"minecraft:oak_planks":20,"minecraft:stone_pickaxe":1,"minecraft:chest":2,"minecraft:dark_oak_planks":8,"minecraft:wheat":108,"minecraft:spruce_planks":8,"minecraft:iron_sword":2,"minecraft:bread":36,"minecraft:stick":28,"minecraft:iron_pickaxe":1},"minecraft:custom":{"minecraft:mob_kills":36,"minecraft:interact_with_crafting_table":16,"minecraft:bell_ring":5,"minecraft:damage_dealt_resisted":1516,"minecraft:leave_game":5,"minecraft:time_since_death":2244,"minecraft:climb_one_cm":3472,"minecraft:sprint_one_cm":531537,"minecraft:walk_one_cm":463671,"minecraft:drop":322,"minecraft:play_noteblock":3,"minecraft:play_time":153665,"minecraft:sneak_time":2690,"minecraft:deaths":30,"minecraft:walk_under_water_one_cm":14459,"minecraft:boat_one_cm":189377,"minecraft:jump":3206,"minecraft:walk_on_water_one_cm":22206,"minecraft:total_world_time":153665,"minecraft:interact_with_furnace":3,"minecraft:tune_noteblock":77,"minecraft:sleep_in_bed":3,"minecraft:time_since_rest":2277,"minecraft:damage_taken":11699,"minecraft:damage_dealt":13167,"minecraft:player_kills":7,"minecraft:swim_one_cm":65880,"minecraft:fly_one_cm":699277,"minecraft:open_chest":23,"minecraft:crouch_one_cm":3080,"minecraft:fall_one_cm":88140}},"DataVersion":3120}