{"stats":{"minecraft:killed":{"betteranimalsplus:coyote":1,"minecraft:cave_spider":7,"minecraft:spider":10,"minecraft:skeleton":2,"minecraft:sheep":1,"minecraft:zombie":2,"minecraft:wither_skeleton":13},"minecraft:picked_up":{"minecraft:iron_chestplate":1,"minecraft:crafting_table":3,"minecraft:wheat":85,"minecraft:ladder":1,"iceandfire:witherbone":76,"minecraft:chainmail_boots":6,"minecraft:chicken":1,"minecraft:flower_pot":9,"minecraft:diamond_sword":20,"minecraft:enchanted_book":4,"minecraft:diamond_horse_armor":5,"minecraft:cornflower":6,"minecraft:string":320,"minecraft:cyan_carpet":17,"minecraft:gold_nugget":121,"minecraft:bucket":3,"minecraft:spruce_planks":10,"minecraft:oak_boat":10,"minecraft:redstone_torch":8,"minecraft:written_book":3,"iceandfire:wither_shard":144,"minecraft:smooth_quartz":189,"minecraft:poppy":14,"minecraft:iron_pickaxe":3,"minecraft:enchanted_golden_apple":6,"minecraft:birch_sapling":2,"minecraft:stick":119,"minecraft:stone":9,"iceandfire:troll_tusk":8,"minecraft:torch":82,"minecraft:spruce_stairs":3,"minecraft:spruce_fence":7,"minecraft:porkchop":9,"minecraft:golden_chestplate":2,"minecraft:iron_horse_armor":24,"minecraft:dark_oak_planks":21,"minecraft:stone_sword":7,"iceandfire:silver_ingot":2,"minecraft:arrow":131,"minecraft:rotten_flesh":43,"minecraft:hay_block":54,"minecraft:gold_ingot":349,"minecraft:mutton":2,"minecraft:cobblestone":43,"minecraft:white_wool":1,"minecraft:enchanting_table":1,"minecraft:feather":8,"minecraft:iron_door":4,"iceandfire:troll_leather_mountain":44,"minecraft:chiseled_quartz_block":9,"minecraft:potato":68,"minecraft:birch_planks":5,"minecraft:oak_log":9,"minecraft:chainmail_chestplate":25,"minecraft:yellow_bed":2,"minecraft:gunpowder":105,"minecraft:dirt":520,"minecraft:name_tag":13,"minecraft:bone":374,"minecraft:birch_wood":4,"minecraft:spruce_wood":2,"minecraft:stone_pickaxe":25,"minecraft:iron_ingot":5,"minecraft:stone_hoe":18,"minecraft:iron_sword":12,"minecraft:oak_planks":93,"minecraft:music_disc_13":10,"minecraft:lava_bucket":2,"minecraft:spider_eye":39,"man:tearoftheman":2,"minecraft:light_gray_concrete":1,"minecraft:diamond":10,"minecraft:stone_axe":3,"minecraft:chainmail_leggings":10,"betteranimalsplus:eel_meat_cooked":2,"minecraft:golden_apple":1,"minecraft:emerald":100,"minecraft:bread":241,"minecraft:golden_horse_armor":5,"minecraft:chainmail_helmet":23,"minecraft:oak_sapling":2,"minecraft:dark_oak_wood":4,"minecraft:coal":36},"minecraft:used":{"minecraft:stone_sword":42,"minecraft:chest":2,"minecraft:spruce_planks":2,"minecraft:iron_sword":192,"minecraft:stone_hoe":16,"minecraft:torch":6,"minecraft:dirt":26,"minecraft:mutton":2,"minecraft:chainmail_chestplate":1,"minecraft:spruce_fence":1,"minecraft:dark_oak_planks":3,"minecraft:lava_bucket":2,"minecraft:smooth_quartz":53,"minecraft:potato":38,"minecraft:stone_pickaxe":67,"minecraft:oak_planks":4,"minecraft:crafting_table":2,"minecraft:chiseled_quartz_block":2,"minecraft:redstone_torch":4,"minecraft:bread":30,"minecraft:iron_pickaxe":14,"minecraft:diamond_sword":94,"minecraft:cobblestone":1,"minecraft:chainmail_boots":1,"minecraft:porkchop":6,"minecraft:bucket":3,"minecraft:chainmail_leggings":2},"minecraft:mined":{"minecraft:dark_oak_planks":5,"minecraft:spruce_planks":3,"minecraft:grass_block":13,"minecraft:spruce_fence":2,"minecraft:spawner":2,"minecraft:hay_block":54,"minecraft:spruce_wood":1,"minecraft:stone":12,"minecraft:tripwire":2,"minecraft:chiseled_quartz_block":1,"minecraft:crafting_table":3,"minecraft:cornflower":1,"minecraft:torch":5,"minecraft:dark_oak_wood":2,"minecraft:emerald_ore":1,"minecraft:tall_grass":1,"minecraft:cobblestone":2,"minecraft:birch_wood":1,"minecraft:spruce_stairs":1,"minecraft:redstone_torch":1,"minecraft:potted_poppy":1,"minecraft:grass":7,"minecraft:oak_log":5,"minecraft:dirt":16,"minecraft:cyan_carpet":4,"minecraft:smooth_quartz":44,"minecraft:polished_andesite":1,"minecraft:oak_leaves":11},"minecraft:dropped":{"minecraft:stone_hoe":1,"minecraft:enchanted_book":1,"minecraft:bread":1,"minecraft:iron_sword":2,"minecraft:birch_planks":1,"minecraft:cobblestone":14,"minecraft:spruce_stairs":1,"minecraft:chainmail_helmet":5,"minecraft:golden_apple":1,"minecraft:stick":64,"minecraft:dirt":64,"minecraft:torch":51,"minecraft:dark_oak_wood":2,"minecraft:smooth_quartz":14,"minecraft:gold_nugget":21,"minecraft:chainmail_leggings":3,"minecraft:dark_oak_planks":7,"minecraft:bone":5,"minecraft:golden_chestplate":2,"minecraft:stone_sword":4,"iceandfire:witherbone":2,"minecraft:rotten_flesh":1,"minecraft:enchanted_golden_apple":3,"minecraft:birch_wood":1,"minecraft:chainmail_chestplate":6,"minecraft:diamond_sword":2,"minecraft:poppy":6,"minecraft:potato":2,"man:tearoftheman":2,"minecraft:gunpowder":4,"minecraft:spruce_planks":4,"iceandfire:silver_ingot":1,"minecraft:chainmail_boots":1,"minecraft:oak_sapling":1,"minecraft:spider_eye":1,"minecraft:arrow":2,"minecraft:stone_pickaxe":10},"minecraft:killed_by":{"minecraft:player":1,"minecraft:wither_skeleton":10,"betteranimalsplus:boar":1,"the_bath:the_bath":3,"minecraft:skeleton":9,"iceandfire:ghost":1},"minecraft:crafted":{"minecraft:oak_planks":20,"minecraft:stone_pickaxe":1,"minecraft:chest":2,"minecraft:dark_oak_planks":8,"minecraft:wheat":108,"minecraft:spruce_planks":8,"minecraft:iron_sword":2,"minecraft:bread":36,"minecraft:stick":28,"minecraft:iron_pickaxe":1},"minecraft:custom":{"minecraft:mob_kills":36,"minecraft:interact_with_crafting_table":16,"minecraft:bell_ring":5,"minecraft:damage_dealt_resisted":1516,"minecraft:leave_game":4,"minecraft:time_since_death":4083,"minecraft:climb_one_cm":3472,"minecraft:sprint_one_cm":431502,"minecraft:walk_one_cm":395391,"minecraft:drop":248,"minecraft:play_noteblock":3,"minecraft:play_time":131897,"minecraft:deaths":25,"minecraft:sneak_time":2680,"minecraft:walk_under_water_one_cm":14459,"minecraft:boat_one_cm":189377,"minecraft:jump":2646,"minecraft:walk_on_water_one_cm":20929,"minecraft:total_world_time":131897,"minecraft:interact_with_furnace":2,"minecraft:tune_noteblock":77,"minecraft:sleep_in_bed":3,"minecraft:time_since_rest":4192,"minecraft:damage_taken":9732,"minecraft:damage_dealt":12510,"minecraft:swim_one_cm":65880,"minecraft:fly_one_cm":583019,"minecraft:player_kills":4,"minecraft:open_chest":21,"minecraft:crouch_one_cm":3080,"minecraft:fall_one_cm":68122}},"DataVersion":3120}