{"stats":{"minecraft:mined":{"minecraft:chiseled_quartz_block":1,"minecraft:crafting_table":3,"minecraft:cornflower":1,"minecraft:emerald_ore":1,"minecraft:grass_block":7,"minecraft:cobblestone":2,"minecraft:tall_grass":1,"minecraft:hay_block":54,"minecraft:redstone_torch":1,"minecraft:grass":5,"minecraft:oak_log":1,"minecraft:dirt":3,"minecraft:spruce_wood":1,"minecraft:polished_andesite":1,"minecraft:oak_leaves":10,"minecraft:tripwire":2},"minecraft:killed_by":{"minecraft:player":1,"betteranimalsplus:boar":1,"minecraft:skeleton":2},"minecraft:picked_up":{"minecraft:enchanting_table":1,"minecraft:crafting_table":3,"minecraft:iron_chestplate":1,"minecraft:wheat":7,"minecraft:feather":2,"minecraft:chicken":1,"minecraft:ladder":1,"minecraft:iron_door":4,"minecraft:chiseled_quartz_block":9,"minecraft:potato":1,"minecraft:oak_log":1,"minecraft:string":1,"minecraft:cornflower":1,"minecraft:dirt":17,"minecraft:bone":2,"minecraft:gold_nugget":19,"minecraft:spruce_wood":2,"minecraft:iron_ingot":5,"minecraft:stone_pickaxe":6,"minecraft:oak_boat":1,"minecraft:redstone_torch":8,"minecraft:iron_pickaxe":3,"minecraft:oak_planks":93,"minecraft:stone_hoe":2,"minecraft:stick":9,"minecraft:stone":9,"minecraft:porkchop":9,"minecraft:light_gray_concrete":1,"minecraft:stone_sword":2,"iceandfire:silver_ingot":2,"minecraft:arrow":2,"minecraft:diamond":10,"minecraft:hay_block":54,"minecraft:bread":13,"minecraft:emerald":1,"minecraft:mutton":2,"minecraft:cobblestone":26,"minecraft:white_wool":1},"minecraft:dropped":{"minecraft:stick":26,"iceandfire:silver_ingot":1,"minecraft:gold_nugget":21},"minecraft:killed":{"betteranimalsplus:coyote":1,"minecraft:sheep":1,"minecraft:skeleton":1},"minecraft:custom":{"minecraft:mob_kills":3,"minecraft:interact_with_crafting_table":11,"minecraft:tune_noteblock":77,"minecraft:bell_ring":5,"minecraft:leave_game":2,"minecraft:time_since_death":10738,"minecraft:sleep_in_bed":3,"minecraft:climb_one_cm":3064,"minecraft:time_since_rest":5981,"minecraft:sprint_one_cm":236011,"minecraft:damage_taken":1885,"minecraft:walk_one_cm":170945,"minecraft:drop":48,"minecraft:damage_dealt":1191,"minecraft:play_noteblock":3,"minecraft:swim_one_cm":37779,"minecraft:fly_one_cm":388942,"minecraft:player_kills":1,"minecraft:open_chest":10,"minecraft:crouch_one_cm":2050,"minecraft:play_time":67757,"minecraft:deaths":4,"minecraft:sneak_time":1390,"minecraft:walk_under_water_one_cm":11267,"minecraft:boat_one_cm":189377,"minecraft:jump":1623,"minecraft:walk_on_water_one_cm":13697,"minecraft:total_world_time":67757,"minecraft:fall_one_cm":48020},"minecraft:used":{"minecraft:stone_sword":42,"minecraft:stone_pickaxe":2,"minecraft:oak_planks":4,"minecraft:iron_sword":13,"minecraft:stone_hoe":16,"minecraft:torch":1,"minecraft:dirt":10,"minecraft:mutton":2,"minecraft:crafting_table":2,"minecraft:chiseled_quartz_block":2,"minecraft:redstone_torch":4,"minecraft:bread":10,"minecraft:iron_pickaxe":14,"minecraft:cobblestone":1,"minecraft:porkchop":6,"minecraft:potato":1},"minecraft:crafted":{"minecraft:oak_planks":4,"minecraft:spruce_planks":8,"minecraft:iron_sword":2,"minecraft:bread":36,"minecraft:stick":28,"minecraft:iron_pickaxe":1,"minecraft:wheat":108}},"DataVersion":3120}