{"stats":{"minecraft:killed":{"minecraft:pig":3,"minecraft:sheep":1,"minecraft:zombie":1,"iceandfire:ghost":1,"minecraft:wither_skeleton":1},"minecraft:picked_up":{"minecraft:crafting_table":3,"minecraft:chainmail_boots":1,"iceandfire:witherbone":12,"minecraft:diamond_sword":1,"minecraft:wooden_pickaxe":1,"minecraft:diamond_horse_armor":1,"minecraft:raw_copper":5,"minecraft:iron_leggings":1,"minecraft:experience_bottle":52,"minecraft:diamond_leggings":1,"minecraft:gold_nugget":34,"minecraft:spruce_planks":17,"minecraft:beef":3,"minecraft:redstone_torch":1,"minecraft:written_book":2,"minecraft:cyan_wool":11,"minecraft:smooth_quartz":16,"minecraft:iron_pickaxe":1,"minecraft:enchanted_golden_apple":1,"minecraft:furnace":2,"minecraft:stick":5,"minecraft:raw_iron":8,"minecraft:torch":3,"minecraft:spruce_stairs":3,"minecraft:porkchop":19,"minecraft:dark_oak_planks":6,"minecraft:diamond_chestplate":1,"minecraft:stone_sword":2,"minecraft:arrow":13,"minecraft:stone_shovel":1,"minecraft:rotten_flesh":7,"minecraft:diamond_boots":1,"minecraft:hay_block":3,"minecraft:yellow_terracotta":2,"minecraft:mutton":2,"minecraft:cobblestone":70,"minecraft:white_wool":20,"minecraft:enchanting_table":1,"minecraft:andesite":1,"minecraft:acacia_wood":3,"minecraft:potato":22,"minecraft:oak_log":22,"minecraft:chainmail_chestplate":1,"iceandfire:ectoplasm":1,"minecraft:dirt":49,"minecraft:bone":1,"minecraft:wheat_seeds":1,"minecraft:spruce_wood":47,"minecraft:oak_planks":14,"minecraft:stone_hoe":1,"minecraft:book":42,"minecraft:music_disc_13":1,"minecraft:gravel":4,"minecraft:spruce_log":7,"minecraft:cyan_bed":1,"dodo_mob:cozza":1,"minecraft:dark_prismarine":4,"betteranimalsplus:eel_meat_raw":1,"betteranimalsplus:boarhead_gray":1,"minecraft:stone_axe":1,"minecraft:chainmail_leggings":3,"minecraft:golden_apple":1,"minecraft:bread":20,"minecraft:chainmail_helmet":1,"minecraft:oak_sapling":3,"minecraft:dark_oak_wood":6,"minecraft:coal":2},"minecraft:used":{"minecraft:flint_and_steel":1,"minecraft:elytra":1,"minecraft:spruce_planks":123,"demonios:diamantemanzana_2":1,"minecraft:torch":6,"minecraft:dirt":42,"minecraft:mutton":2,"minecraft:spruce_stairs":2,"minecraft:dark_oak_planks":30,"minecraft:smooth_quartz":3,"demonios:demoniosingui_spawn_egg":2,"minecraft:diamond_chestplate":1,"minecraft:golden_carrot":1,"minecraft:furnace":1,"minecraft:oak_sapling":1,"minecraft:acacia_planks":1,"minecraft:enchanted_golden_apple":1,"minecraft:diamond_boots":1,"minecraft:stone_pickaxe":29,"minecraft:oak_planks":44,"minecraft:wooden_pickaxe":45,"nuclear_bombs:nuke_20_ton":1,"man:manfromthefog_spawn_egg":2,"minecraft:yellow_terracotta":2,"minecraft:crafting_table":7,"minecraft:white_bed":1,"minecraft:firework_rocket":3,"minecraft:cyan_bed":1,"minecraft:bread":9,"minecraft:oak_button":1,"minecraft:iron_pickaxe":6,"man:manfromthefogback_spawn_egg":3,"minecraft:gravel":4,"minecraft:stone_axe":97,"minecraft:diamond_sword":49,"minecraft:potion":1,"minecraft:cobblestone":14,"minecraft:cooked_porkchop":4,"minecraft:diamond_leggings":1,"minecraft:experience_bottle":7},"minecraft:mined":{"minecraft:dark_oak_planks":7,"minecraft:yellow_terracotta":2,"minecraft:dark_prismarine":5,"minecraft:spruce_planks":17,"minecraft:grass_block":38,"minecraft:spawner":1,"minecraft:hay_block":3,"minecraft:acacia_wood":3,"minecraft:enchanting_table":1,"minecraft:bookshelf":14,"minecraft:spruce_wood":48,"minecraft:stone":43,"minecraft:crafting_table":3,"minecraft:torch":2,"minecraft:dark_oak_wood":6,"minecraft:tall_grass":1,"minecraft:cobblestone":6,"minecraft:cyan_bed":1,"minecraft:oak_planks":4,"minecraft:spruce_stairs":3,"minecraft:cyan_wool":13,"minecraft:spruce_log":7,"minecraft:grass":1,"minecraft:coal_ore":1,"minecraft:oak_log":21,"minecraft:smooth_quartz":17,"minecraft:dirt":9,"minecraft:gravel":3,"minecraft:oak_leaves":4},"minecraft:dropped":{"minecraft:stone_hoe":1,"minecraft:bread":23,"dodo_mob:cozza":1,"minecraft:wheat_seeds":1,"man:manfromthefogback_spawn_egg":1,"demonios:demoniosingui_spawn_egg":1,"minecraft:chainmail_helmet":1,"minecraft:golden_apple":1,"the_bath:the_bath_spawn_egg":1,"minecraft:iron_leggings":1,"the_one_who_watches:toww_staring_spawn_egg":1,"minecraft:chainmail_leggings":2,"minecraft:white_wool":15,"minecraft:furnace":2,"minecraft:stone_axe":1,"minecraft:stone_sword":2,"iceandfire:witherbone":11,"minecraft:stone_shovel":1,"minecraft:rotten_flesh":7,"minecraft:oak_planks":1,"minecraft:chainmail_chestplate":1,"betteranimalsplus:boarhead_gray":1,"minecraft:oak_sapling":2,"man:manfromthefog_spawn_egg":1,"minecraft:arrow":13,"minecraft:beef":3,"minecraft:stone_pickaxe":1,"minecraft:wooden_pickaxe":1,"minecraft:written_book":1},"minecraft:killed_by":{"minecraft:player":1,"man:managgresive":1,"the_bath:the_bath":3},"minecraft:crafted":{"minecraft:oak_planks":88,"minecraft:furnace":1,"minecraft:stone_pickaxe":3,"minecraft:oak_button":1,"minecraft:dark_oak_planks":24,"minecraft:wheat":27,"minecraft:diamond_sword":1,"minecraft:crafting_table":5,"minecraft:spruce_planks":192,"minecraft:wooden_pickaxe":3,"minecraft:cyan_bed":2,"minecraft:stone_axe":2,"minecraft:bread":9,"minecraft:stick":20,"minecraft:white_bed":1,"minecraft:acacia_planks":12,"minecraft:torch":8},"minecraft:custom":{"minecraft:mob_kills":8,"minecraft:interact_with_crafting_table":15,"minecraft:damage_dealt_resisted":102,"minecraft:leave_game":3,"minecraft:time_since_death":13438,"minecraft:damage_resisted":73,"minecraft:sprint_one_cm":168755,"minecraft:walk_one_cm":89918,"minecraft:drop":34,"minecraft:play_time":73985,"minecraft:deaths":5,"minecraft:sneak_time":3647,"minecraft:walk_under_water_one_cm":406,"minecraft:jump":1786,"minecraft:walk_on_water_one_cm":2241,"minecraft:total_world_time":73985,"minecraft:interact_with_furnace":1,"minecraft:sleep_in_bed":2,"minecraft:time_since_rest":13466,"minecraft:damage_taken":2561,"minecraft:damage_absorbed":157,"minecraft:damage_dealt":2553,"minecraft:swim_one_cm":146,"minecraft:fly_one_cm":409449,"minecraft:open_chest":15,"minecraft:crouch_one_cm":7353,"minecraft:aviate_one_cm":121327,"minecraft:fall_one_cm":58407}},"DataVersion":3120}