{"stats":{"minecraft:killed_by":{"man:managgresive":1,"the_bath:the_bath":2},"minecraft:mined":{"minecraft:yellow_terracotta":2,"minecraft:dark_prismarine":5,"minecraft:spruce_planks":6,"minecraft:crafting_table":2,"minecraft:torch":1,"minecraft:dark_oak_wood":5,"minecraft:grass_block":34,"minecraft:tall_grass":1,"minecraft:cyan_bed":1,"minecraft:spawner":1,"minecraft:spruce_stairs":2,"minecraft:cyan_wool":13,"minecraft:spruce_log":7,"minecraft:enchanting_table":1,"minecraft:bookshelf":14,"minecraft:coal_ore":1,"minecraft:oak_log":10,"minecraft:smooth_quartz":17,"minecraft:dirt":3,"minecraft:spruce_wood":48,"minecraft:stone":36,"minecraft:oak_leaves":3},"minecraft:picked_up":{"minecraft:enchanting_table":1,"minecraft:crafting_table":2,"minecraft:chainmail_boots":1,"iceandfire:witherbone":1,"minecraft:wooden_pickaxe":1,"minecraft:oak_log":10,"minecraft:dirt":37,"minecraft:bone":1,"minecraft:wheat_seeds":1,"minecraft:spruce_planks":6,"minecraft:spruce_wood":47,"minecraft:cyan_wool":11,"minecraft:smooth_quartz":16,"minecraft:oak_planks":11,"minecraft:book":42,"minecraft:stick":2,"minecraft:torch":2,"minecraft:spruce_stairs":2,"minecraft:spruce_log":7,"minecraft:cyan_bed":1,"minecraft:dark_prismarine":4,"minecraft:chainmail_leggings":1,"minecraft:yellow_terracotta":2,"minecraft:oak_sapling":1,"minecraft:dark_oak_wood":5,"minecraft:coal":2,"minecraft:cobblestone":36},"minecraft:killed":{"minecraft:zombie":1,"minecraft:wither_skeleton":1},"minecraft:custom":{"minecraft:mob_kills":3,"minecraft:interact_with_crafting_table":8,"minecraft:damage_dealt_resisted":102,"minecraft:time_since_death":1313,"minecraft:sleep_in_bed":2,"minecraft:time_since_rest":1352,"minecraft:sprint_one_cm":58268,"minecraft:damage_taken":1009,"minecraft:walk_one_cm":33817,"minecraft:damage_dealt":802,"minecraft:fly_one_cm":131822,"minecraft:open_chest":4,"minecraft:crouch_one_cm":4921,"minecraft:play_time":30413,"minecraft:deaths":3,"minecraft:sneak_time":2073,"minecraft:jump":733,"minecraft:total_world_time":30413,"minecraft:fall_one_cm":19564},"minecraft:used":{"minecraft:stone_pickaxe":29,"minecraft:oak_planks":19,"minecraft:spruce_planks":112,"minecraft:wooden_pickaxe":38,"minecraft:torch":6,"minecraft:dirt":14,"minecraft:yellow_terracotta":2,"minecraft:crafting_table":4,"minecraft:spruce_stairs":1,"minecraft:dark_oak_planks":20,"minecraft:bread":3,"minecraft:cyan_bed":1,"minecraft:oak_button":1,"minecraft:smooth_quartz":3,"minecraft:stone_axe":97,"minecraft:diamond_sword":3,"minecraft:cobblestone":14,"minecraft:oak_sapling":1},"minecraft:crafted":{"minecraft:oak_planks":40,"minecraft:diamond_sword":1,"minecraft:crafting_table":2,"minecraft:spruce_planks":192,"minecraft:wooden_pickaxe":2,"minecraft:cyan_bed":2,"minecraft:stone_axe":2,"minecraft:stick":16,"minecraft:stone_pickaxe":2,"minecraft:oak_button":1,"minecraft:dark_oak_planks":20,"minecraft:torch":8}},"DataVersion":3120}