{"stats":{"minecraft:killed_by":{"man:managgresive":1,"the_bath:the_bath":2},"minecraft:mined":{"minecraft:dark_oak_planks":7,"minecraft:yellow_terracotta":2,"minecraft:dark_prismarine":5,"minecraft:spruce_planks":17,"minecraft:crafting_table":3,"minecraft:torch":2,"minecraft:dark_oak_wood":6,"minecraft:grass_block":36,"minecraft:tall_grass":1,"minecraft:cyan_bed":1,"minecraft:oak_planks":4,"minecraft:spawner":1,"minecraft:spruce_stairs":3,"minecraft:cyan_wool":13,"minecraft:acacia_wood":3,"minecraft:spruce_log":7,"minecraft:enchanting_table":1,"minecraft:bookshelf":14,"minecraft:oak_log":10,"minecraft:coal_ore":1,"minecraft:gravel":3,"minecraft:dirt":6,"minecraft:smooth_quartz":17,"minecraft:spruce_wood":48,"minecraft:stone":36,"minecraft:oak_leaves":3},"minecraft:picked_up":{"minecraft:enchanting_table":1,"minecraft:crafting_table":3,"minecraft:chainmail_boots":1,"iceandfire:witherbone":1,"minecraft:wooden_pickaxe":1,"minecraft:acacia_wood":3,"minecraft:oak_log":10,"minecraft:dirt":41,"minecraft:bone":1,"minecraft:wheat_seeds":1,"minecraft:spruce_planks":17,"minecraft:spruce_wood":47,"minecraft:cyan_wool":11,"minecraft:smooth_quartz":16,"minecraft:oak_planks":14,"minecraft:book":42,"minecraft:stick":2,"minecraft:torch":3,"minecraft:spruce_stairs":3,"minecraft:gravel":4,"minecraft:spruce_log":7,"minecraft:cyan_bed":1,"minecraft:dark_prismarine":4,"minecraft:dark_oak_planks":6,"minecraft:chainmail_leggings":1,"minecraft:yellow_terracotta":2,"minecraft:oak_sapling":1,"minecraft:dark_oak_wood":6,"minecraft:coal":2,"minecraft:cobblestone":36},"minecraft:dropped":{"minecraft:wheat_seeds":1},"minecraft:killed":{"minecraft:zombie":1,"minecraft:wither_skeleton":1},"minecraft:custom":{"minecraft:mob_kills":3,"minecraft:interact_with_crafting_table":8,"minecraft:damage_dealt_resisted":102,"minecraft:leave_game":2,"minecraft:time_since_death":13819,"minecraft:sleep_in_bed":2,"minecraft:time_since_rest":13858,"minecraft:sprint_one_cm":87553,"minecraft:damage_taken":1667,"minecraft:walk_one_cm":50363,"minecraft:drop":1,"minecraft:damage_dealt":802,"minecraft:swim_one_cm":146,"minecraft:fly_one_cm":207965,"minecraft:open_chest":13,"minecraft:crouch_one_cm":6868,"minecraft:play_time":42919,"minecraft:deaths":3,"minecraft:sneak_time":3329,"minecraft:walk_under_water_one_cm":406,"minecraft:jump":1136,"minecraft:walk_on_water_one_cm":2241,"minecraft:total_world_time":42919,"minecraft:fall_one_cm":39412},"minecraft:used":{"minecraft:diamond_boots":1,"minecraft:stone_pickaxe":29,"minecraft:oak_planks":22,"minecraft:spruce_planks":123,"minecraft:wooden_pickaxe":38,"minecraft:torch":6,"minecraft:dirt":41,"minecraft:yellow_terracotta":2,"minecraft:crafting_table":4,"minecraft:spruce_stairs":2,"minecraft:dark_oak_planks":30,"minecraft:bread":3,"minecraft:cyan_bed":1,"minecraft:oak_button":1,"minecraft:smooth_quartz":3,"minecraft:gravel":4,"minecraft:diamond_chestplate":1,"minecraft:stone_axe":97,"minecraft:diamond_sword":3,"minecraft:golden_carrot":1,"minecraft:cobblestone":14,"minecraft:oak_sapling":1,"minecraft:cooked_porkchop":4,"minecraft:acacia_planks":1,"minecraft:diamond_leggings":1},"minecraft:crafted":{"minecraft:oak_planks":40,"minecraft:diamond_sword":1,"minecraft:crafting_table":2,"minecraft:spruce_planks":192,"minecraft:cyan_bed":2,"minecraft:wooden_pickaxe":2,"minecraft:stone_axe":2,"minecraft:stick":16,"minecraft:stone_pickaxe":2,"minecraft:oak_button":1,"minecraft:acacia_planks":12,"minecraft:dark_oak_planks":24,"minecraft:torch":8}},"DataVersion":3120}