{"stats":{"minecraft:killed_by":{"man:managgresive":1},"minecraft:mined":{"minecraft:coal_ore":1,"minecraft:oak_log":4,"minecraft:spruce_log":7,"minecraft:stone":20,"minecraft:oak_leaves":3},"minecraft:picked_up":{"minecraft:stick":2,"minecraft:wooden_pickaxe":1,"minecraft:oak_log":4,"minecraft:spruce_log":7,"minecraft:oak_sapling":1,"minecraft:coal":1,"minecraft:oak_planks":11,"minecraft:cobblestone":20},"minecraft:killed":{"minecraft:zombie":1},"minecraft:custom":{"minecraft:time_since_rest":4207,"minecraft:walk_one_cm":5134,"minecraft:play_time":6413,"minecraft:sprint_one_cm":24561,"minecraft:damage_taken":305,"minecraft:deaths":1,"minecraft:mob_kills":1,"minecraft:jump":212,"minecraft:damage_dealt":209,"minecraft:time_since_death":4196,"minecraft:total_world_time":6413,"minecraft:interact_with_crafting_table":2,"minecraft:fall_one_cm":8073,"minecraft:fly_one_cm":55380},"minecraft:used":{"minecraft:torch":1,"minecraft:stone_axe":9,"minecraft:crafting_table":1,"minecraft:oak_sapling":1,"minecraft:stone_pickaxe":1,"minecraft:oak_button":1,"minecraft:wooden_pickaxe":20},"minecraft:crafted":{"minecraft:oak_button":1,"minecraft:oak_planks":16,"minecraft:torch":4,"minecraft:stone_axe":1,"minecraft:crafting_table":1,"minecraft:stick":8,"minecraft:wooden_pickaxe":1,"minecraft:stone_pickaxe":1}},"DataVersion":3120}