{"stats":{"minecraft:killed":{"minecraft:pig":3,"minecraft:zombie":1,"minecraft:wither_skeleton":1},"minecraft:picked_up":{"minecraft:enchanting_table":1,"minecraft:crafting_table":3,"minecraft:chainmail_boots":1,"iceandfire:witherbone":12,"minecraft:diamond_sword":1,"minecraft:wooden_pickaxe":1,"minecraft:acacia_wood":3,"minecraft:potato":1,"minecraft:diamond_horse_armor":1,"minecraft:oak_log":20,"minecraft:chainmail_chestplate":1,"minecraft:dirt":49,"minecraft:iron_leggings":1,"minecraft:experience_bottle":52,"minecraft:bone":1,"minecraft:diamond_leggings":1,"minecraft:wheat_seeds":1,"minecraft:gold_nugget":34,"minecraft:spruce_planks":17,"minecraft:spruce_wood":47,"minecraft:beef":3,"minecraft:written_book":1,"minecraft:redstone_torch":1,"minecraft:cyan_wool":11,"minecraft:iron_pickaxe":1,"minecraft:smooth_quartz":16,"minecraft:enchanted_golden_apple":1,"minecraft:stone_hoe":1,"minecraft:oak_planks":14,"minecraft:furnace":2,"minecraft:book":42,"minecraft:stick":2,"minecraft:music_disc_13":1,"minecraft:torch":3,"minecraft:spruce_stairs":3,"minecraft:gravel":4,"minecraft:porkchop":19,"minecraft:spruce_log":7,"minecraft:cyan_bed":1,"dodo_mob:cozza":1,"minecraft:rotten_flesh":7,"betteranimalsplus:boarhead_gray":1,"minecraft:dark_prismarine":4,"minecraft:dark_oak_planks":6,"minecraft:stone_sword":1,"minecraft:arrow":13,"minecraft:stone_shovel":1,"minecraft:diamond_chestplate":1,"minecraft:stone_axe":1,"minecraft:diamond_boots":1,"minecraft:chainmail_leggings":2,"minecraft:yellow_terracotta":2,"minecraft:golden_apple":1,"minecraft:chainmail_helmet":1,"minecraft:bread":20,"minecraft:oak_sapling":1,"minecraft:dark_oak_wood":6,"minecraft:coal":2,"minecraft:white_wool":19,"minecraft:cobblestone":43},"minecraft:used":{"minecraft:diamond_boots":1,"minecraft:stone_pickaxe":29,"minecraft:oak_planks":25,"minecraft:spruce_planks":123,"minecraft:wooden_pickaxe":45,"minecraft:torch":6,"minecraft:dirt":42,"minecraft:yellow_terracotta":2,"minecraft:crafting_table":4,"minecraft:spruce_stairs":2,"minecraft:dark_oak_planks":30,"minecraft:bread":3,"minecraft:cyan_bed":1,"minecraft:oak_button":1,"minecraft:smooth_quartz":3,"minecraft:gravel":4,"minecraft:diamond_chestplate":1,"minecraft:stone_axe":97,"minecraft:diamond_sword":7,"minecraft:cobblestone":14,"minecraft:golden_carrot":1,"minecraft:oak_sapling":1,"minecraft:cooked_porkchop":4,"minecraft:acacia_planks":1,"minecraft:diamond_leggings":1,"minecraft:experience_bottle":7},"minecraft:mined":{"minecraft:dark_oak_planks":7,"minecraft:yellow_terracotta":2,"minecraft:dark_prismarine":5,"minecraft:spruce_planks":17,"minecraft:crafting_table":3,"minecraft:torch":2,"minecraft:dark_oak_wood":6,"minecraft:grass_block":38,"minecraft:tall_grass":1,"minecraft:cyan_bed":1,"minecraft:oak_planks":4,"minecraft:spawner":1,"minecraft:spruce_stairs":3,"minecraft:cyan_wool":13,"minecraft:acacia_wood":3,"minecraft:spruce_log":7,"minecraft:enchanting_table":1,"minecraft:grass":1,"minecraft:bookshelf":14,"minecraft:oak_log":19,"minecraft:coal_ore":1,"minecraft:gravel":3,"minecraft:dirt":9,"minecraft:smooth_quartz":17,"minecraft:spruce_wood":48,"minecraft:stone":43,"minecraft:oak_leaves":4},"minecraft:dropped":{"minecraft:wheat_seeds":1},"minecraft:killed_by":{"man:managgresive":1,"the_bath:the_bath":2,"minecraft:player":1},"minecraft:crafted":{"minecraft:oak_planks":76,"minecraft:diamond_sword":1,"minecraft:crafting_table":3,"minecraft:spruce_planks":192,"minecraft:cyan_bed":2,"minecraft:wooden_pickaxe":3,"minecraft:stone_axe":2,"minecraft:stick":20,"minecraft:stone_pickaxe":3,"minecraft:oak_button":1,"minecraft:acacia_planks":12,"minecraft:dark_oak_planks":24,"minecraft:torch":8},"minecraft:custom":{"minecraft:mob_kills":6,"minecraft:interact_with_crafting_table":10,"minecraft:damage_dealt_resisted":102,"minecraft:leave_game":2,"minecraft:time_since_death":7615,"minecraft:sleep_in_bed":2,"minecraft:time_since_rest":7649,"minecraft:sprint_one_cm":115334,"minecraft:damage_taken":1922,"minecraft:walk_one_cm":58838,"minecraft:drop":1,"minecraft:damage_dealt":1122,"minecraft:swim_one_cm":146,"minecraft:fly_one_cm":273043,"minecraft:open_chest":13,"minecraft:crouch_one_cm":7014,"minecraft:play_time":51380,"minecraft:deaths":4,"minecraft:sneak_time":3390,"minecraft:walk_under_water_one_cm":406,"minecraft:jump":1386,"minecraft:walk_on_water_one_cm":2241,"minecraft:total_world_time":51380,"minecraft:fall_one_cm":49496}},"DataVersion":3120}