{"stats":{"minecraft:killed_by":{"man:managgresive":1,"the_bath:the_bath":1},"minecraft:mined":{"minecraft:yellow_terracotta":2,"minecraft:spruce_stairs":1,"minecraft:dark_prismarine":2,"minecraft:cyan_wool":9,"minecraft:spruce_planks":5,"minecraft:spruce_log":7,"minecraft:crafting_table":1,"minecraft:torch":1,"minecraft:enchanting_table":1,"minecraft:grass_block":11,"minecraft:bookshelf":14,"minecraft:oak_log":10,"minecraft:coal_ore":1,"minecraft:smooth_quartz":14,"minecraft:spruce_wood":29,"minecraft:stone":31,"minecraft:oak_leaves":3,"minecraft:spawner":1},"minecraft:picked_up":{"minecraft:book":42,"minecraft:enchanting_table":1,"minecraft:crafting_table":1,"minecraft:stick":2,"minecraft:chainmail_boots":1,"iceandfire:witherbone":1,"minecraft:torch":1,"minecraft:wooden_pickaxe":1,"minecraft:spruce_stairs":1,"minecraft:oak_log":10,"minecraft:spruce_log":7,"minecraft:dirt":11,"minecraft:dark_prismarine":2,"minecraft:bone":1,"minecraft:chainmail_leggings":1,"minecraft:spruce_planks":5,"minecraft:spruce_wood":28,"minecraft:yellow_terracotta":2,"minecraft:cyan_wool":8,"minecraft:smooth_quartz":13,"minecraft:oak_sapling":1,"minecraft:oak_planks":11,"minecraft:coal":2,"minecraft:cobblestone":31},"minecraft:killed":{"minecraft:zombie":1,"minecraft:wither_skeleton":1},"minecraft:custom":{"minecraft:time_since_rest":3866,"minecraft:sprint_one_cm":41521,"minecraft:damage_taken":665,"minecraft:walk_one_cm":20523,"minecraft:mob_kills":2,"minecraft:damage_dealt":611,"minecraft:interact_with_crafting_table":5,"minecraft:fly_one_cm":95313,"minecraft:open_chest":2,"minecraft:crouch_one_cm":1445,"minecraft:play_time":18413,"minecraft:deaths":2,"minecraft:sneak_time":915,"minecraft:damage_dealt_resisted":102,"minecraft:jump":467,"minecraft:time_since_death":3843,"minecraft:total_world_time":18413,"minecraft:fall_one_cm":13427},"minecraft:used":{"minecraft:bread":3,"minecraft:stone_pickaxe":29,"minecraft:oak_button":1,"minecraft:spruce_planks":71,"minecraft:wooden_pickaxe":23,"minecraft:smooth_quartz":3,"minecraft:stone_axe":70,"minecraft:torch":6,"minecraft:dirt":2,"minecraft:cobblestone":14,"minecraft:yellow_terracotta":2,"minecraft:crafting_table":2,"minecraft:oak_sapling":1},"minecraft:crafted":{"minecraft:oak_planks":40,"minecraft:crafting_table":2,"minecraft:spruce_planks":140,"minecraft:stick":12,"minecraft:cyan_bed":1,"minecraft:wooden_pickaxe":2,"minecraft:stone_pickaxe":1,"minecraft:oak_button":1,"minecraft:torch":8,"minecraft:stone_axe":2}},"DataVersion":3120}