{"stats":{"minecraft:killed":{"minecraft:skeleton":1,"minecraft:pig":4,"minecraft:sheep":4,"minecraft:zombie":1,"minecraft:cow":5,"minecraft:blaze":2},"minecraft:broken":{"minecraft:stone_shovel":1},"minecraft:picked_up":{"minecraft:crafting_table":7,"minecraft:wheat":15,"minecraft:chicken":1,"minecraft:ladder":1,"minecraft:stone_slab":2,"minecraft:diamond_sword":2,"minecraft:wooden_pickaxe":2,"minecraft:enchanted_book":3,"minecraft:string":34,"minecraft:wooden_sword":1,"minecraft:item_frame":1,"minecraft:experience_bottle":52,"minecraft:cyan_carpet":4,"minecraft:diamond_leggings":1,"minecraft:gold_nugget":68,"minecraft:beef":13,"minecraft:oak_boat":1,"minecraft:written_book":3,"minecraft:poppy":1,"minecraft:iron_pickaxe":2,"minecraft:chest":4,"minecraft:egg":1,"minecraft:stick":9,"minecraft:raw_iron":8,"minecraft:oak_door":4,"minecraft:torch":2,"minecraft:porkchop":5,"minecraft:carrot":19,"minecraft:redstone":59,"minecraft:diamond_chestplate":1,"minecraft:tnt":28,"minecraft:rotten_flesh":3,"minecraft:stone_shovel":3,"minecraft:arrow":6,"minecraft:hay_block":24,"minecraft:gold_ingot":39,"minecraft:mutton":16,"minecraft:obsidian":3,"minecraft:white_wool":7,"minecraft:cobblestone":243,"minecraft:feather":6,"minecraft:golden_carrot":13,"minecraft:iron_door":4,"minecraft:leather":7,"minecraft:chiseled_quartz_block":2,"minecraft:potato":119,"minecraft:oak_log":16,"minecraft:chainmail_chestplate":5,"minecraft:yellow_bed":3,"minecraft:gunpowder":16,"minecraft:dirt":1733,"minecraft:bone":9,"dodo_mob:vvv":1,"minecraft:apple":12,"minecraft:wheat_seeds":70,"minecraft:stone_pickaxe":2,"minecraft:iron_ingot":10,"minecraft:cobweb":3,"minecraft:stone_hoe":1,"minecraft:oak_planks":108,"minecraft:iron_sword":4,"minecraft:cooked_porkchop":12,"minecraft:poisonous_potato":1,"minecraft:sand":2,"minecraft:dispenser":1,"minecraft:diamond":18,"minecraft:stone_axe":4,"betteranimalsplus:eel_meat_cooked":3,"minecraft:golden_apple":10,"minecraft:emerald":45,"minecraft:golden_horse_armor":1,"minecraft:chainmail_helmet":3,"minecraft:oak_sapling":1,"minecraft:sunflower":2},"minecraft:mined":{"dodo_mob:iy":2,"minecraft:grass_block":137,"minecraft:carrots":9,"minecraft:potatoes":68,"minecraft:vine":1,"minecraft:stone":16,"minecraft:crafting_table":2,"minecraft:chest":2,"minecraft:tall_grass":7,"minecraft:cobblestone":5,"minecraft:oak_planks":7,"minecraft:wall_torch":1,"minecraft:seagrass":2,"minecraft:wheat":37,"minecraft:tnt":1,"minecraft:bee_nest":1,"minecraft:yellow_bed":1,"minecraft:grass":21,"minecraft:oak_log":14,"minecraft:sand":2,"minecraft:dirt":33,"minecraft:oak_leaves":11},"minecraft:used":{"minecraft:stone_sword":3,"minecraft:stone_shovel":155,"minecraft:poppy":1,"minecraft:iron_sword":23,"minecraft:dirt":179,"minecraft:mutton":2,"minecraft:chainmail_chestplate":4,"minecraft:carrot":10,"minecraft:wooden_axe":1,"betteranimalsplus:eel_meat_cooked":2,"minecraft:diamond_chestplate":1,"minecraft:beef":9,"minecraft:written_book":2,"minecraft:oak_sapling":1,"minecraft:egg":1,"minecraft:wheat_seeds":50,"minecraft:stone_pickaxe":5,"minecraft:baked_potato":2,"minecraft:oak_planks":2,"minecraft:wooden_pickaxe":16,"minecraft:chainmail_helmet":1,"minecraft:white_wool":1,"minecraft:golden_apple":4,"minecraft:sand":2,"minecraft:crafting_table":2,"minecraft:iron_pickaxe":1,"minecraft:stone_axe":90,"betteranimalsplus:eel_meat_raw":2,"minecraft:diamond_sword":1,"minecraft:cobblestone":7,"minecraft:cooked_porkchop":3,"minecraft:yellow_bed":1,"minecraft:diamond_leggings":1,"minecraft:cobweb":3},"minecraft:dropped":{"minecraft:wheat_seeds":5,"minecraft:poisonous_potato":1,"minecraft:leather":1,"minecraft:item_frame":1,"minecraft:dirt":1,"minecraft:wooden_sword":1,"minecraft:sunflower":2,"minecraft:bone":4,"betteranimalsplus:eel_meat_cooked":1,"minecraft:wheat":7,"minecraft:rotten_flesh":1,"minecraft:stone_slab":1,"dodo_mob:vvv":1,"minecraft:potato":33,"minecraft:wooden_pickaxe":2,"minecraft:written_book":2},"minecraft:killed_by":{"minecraft:player":15,"betteranimalsplus:boar":1,"minecraft:zombie":5,"iceandfire:ghost":1},"minecraft:crafted":{"minecraft:oak_planks":48,"minecraft:stone_pickaxe":2,"minecraft:cooked_porkchop":3,"minecraft:crafting_table":3,"minecraft:wooden_pickaxe":1,"minecraft:baked_potato":8,"minecraft:stone_axe":3,"minecraft:stick":28,"minecraft:wooden_axe":1,"minecraft:stone_sword":1,"betteranimalsplus:eel_meat_cooked":2},"minecraft:custom":{"minecraft:mob_kills":15,"minecraft:interact_with_crafting_table":14,"minecraft:leave_game":2,"minecraft:time_since_death":592,"minecraft:climb_one_cm":220,"minecraft:sprint_one_cm":343219,"minecraft:walk_one_cm":242608,"minecraft:drop":57,"minecraft:play_time":60435,"minecraft:deaths":23,"minecraft:sneak_time":294,"minecraft:walk_under_water_one_cm":7015,"minecraft:boat_one_cm":1446,"minecraft:jump":1674,"minecraft:walk_on_water_one_cm":11402,"minecraft:total_world_time":60435,"minecraft:interact_with_furnace":7,"minecraft:time_since_rest":620,"minecraft:damage_taken":7080,"minecraft:damage_absorbed":143,"minecraft:damage_dealt":3178,"minecraft:swim_one_cm":18902,"minecraft:fly_one_cm":318006,"minecraft:player_kills":2,"minecraft:open_chest":21,"minecraft:crouch_one_cm":1251,"minecraft:fall_one_cm":44613}},"DataVersion":3120}