{"stats":{"minecraft:killed":{"minecraft:pig":4,"minecraft:sheep":4,"minecraft:skeleton":1,"minecraft:zombie":1,"minecraft:blaze":2,"minecraft:cow":5},"minecraft:picked_up":{"minecraft:crafting_table":6,"minecraft:wheat":15,"minecraft:feather":6,"minecraft:chicken":1,"minecraft:ladder":1,"minecraft:iron_door":4,"minecraft:leather":7,"minecraft:stone_slab":2,"minecraft:chiseled_quartz_block":2,"minecraft:potato":47,"minecraft:enchanted_book":2,"minecraft:oak_log":14,"minecraft:chainmail_chestplate":4,"minecraft:yellow_bed":2,"minecraft:string":34,"minecraft:dirt":282,"minecraft:item_frame":1,"minecraft:cyan_carpet":4,"minecraft:bone":5,"dodo_mob:vvv":1,"minecraft:wheat_seeds":66,"minecraft:gold_nugget":68,"minecraft:stone_pickaxe":1,"minecraft:beef":13,"minecraft:iron_ingot":2,"minecraft:cobweb":3,"minecraft:written_book":2,"minecraft:iron_pickaxe":2,"minecraft:chest":4,"minecraft:oak_planks":58,"minecraft:iron_sword":4,"minecraft:stick":7,"minecraft:oak_door":4,"minecraft:poisonous_potato":1,"minecraft:porkchop":5,"minecraft:sand":2,"minecraft:carrot":19,"minecraft:redstone":59,"minecraft:tnt":27,"minecraft:arrow":4,"minecraft:dispenser":1,"minecraft:diamond":6,"minecraft:stone_axe":3,"minecraft:golden_apple":1,"minecraft:emerald":15,"minecraft:oak_sapling":1,"minecraft:obsidian":3,"minecraft:mutton":4,"minecraft:white_wool":7,"minecraft:cobblestone":240,"minecraft:sunflower":2},"minecraft:mined":{"dodo_mob:iy":2,"minecraft:crafting_table":2,"minecraft:grass_block":1,"minecraft:chest":2,"minecraft:tall_grass":7,"minecraft:cobblestone":2,"minecraft:seagrass":2,"minecraft:carrots":9,"minecraft:wheat":37,"minecraft:tnt":1,"minecraft:bee_nest":1,"minecraft:yellow_bed":1,"minecraft:grass":7,"minecraft:potatoes":29,"minecraft:oak_log":12,"minecraft:vine":1,"minecraft:sand":2,"minecraft:stone":16,"minecraft:oak_leaves":8},"minecraft:used":{"minecraft:wheat_seeds":50,"minecraft:stone_sword":3,"minecraft:stone_pickaxe":2,"minecraft:wooden_pickaxe":16,"minecraft:iron_sword":23,"minecraft:white_wool":1,"minecraft:dirt":11,"minecraft:sand":2,"minecraft:mutton":2,"minecraft:crafting_table":2,"minecraft:carrot":10,"minecraft:chainmail_chestplate":4,"minecraft:wooden_axe":1,"minecraft:iron_pickaxe":1,"minecraft:stone_axe":69,"betteranimalsplus:eel_meat_raw":2,"minecraft:cobblestone":7,"minecraft:beef":9,"minecraft:written_book":2,"minecraft:oak_sapling":1,"minecraft:cooked_porkchop":3,"minecraft:yellow_bed":1,"minecraft:cobweb":3},"minecraft:dropped":{"minecraft:wheat_seeds":1,"minecraft:wheat":7,"minecraft:poisonous_potato":1,"minecraft:leather":1,"minecraft:stone_slab":1,"dodo_mob:vvv":1,"minecraft:item_frame":1,"minecraft:dirt":1,"minecraft:potato":32,"minecraft:sunflower":2,"minecraft:written_book":1},"minecraft:killed_by":{"minecraft:player":8,"betteranimalsplus:boar":1,"minecraft:zombie":5,"iceandfire:ghost":1},"minecraft:crafted":{"minecraft:oak_planks":40,"minecraft:cooked_porkchop":3,"minecraft:crafting_table":2,"minecraft:wooden_pickaxe":1,"minecraft:stone_axe":2,"minecraft:stick":20,"minecraft:stone_pickaxe":2,"minecraft:wooden_axe":1,"minecraft:stone_sword":1},"minecraft:custom":{"minecraft:interact_with_furnace":2,"minecraft:mob_kills":15,"minecraft:interact_with_crafting_table":11,"minecraft:leave_game":1,"minecraft:time_since_death":526,"minecraft:climb_one_cm":220,"minecraft:time_since_rest":566,"minecraft:sprint_one_cm":267196,"minecraft:damage_taken":4421,"minecraft:walk_one_cm":167716,"minecraft:drop":45,"minecraft:damage_dealt":2597,"minecraft:swim_one_cm":18902,"minecraft:fly_one_cm":233929,"minecraft:open_chest":16,"minecraft:crouch_one_cm":107,"minecraft:play_time":36535,"minecraft:deaths":15,"minecraft:sneak_time":75,"minecraft:walk_under_water_one_cm":7015,"minecraft:boat_one_cm":1230,"minecraft:jump":1158,"minecraft:walk_on_water_one_cm":10820,"minecraft:total_world_time":36535,"minecraft:fall_one_cm":29585}},"DataVersion":3120}