{"stats":{"minecraft:killed":{"minecraft:pig":4,"minecraft:sheep":4,"minecraft:skeleton":1,"minecraft:zombie":1,"minecraft:blaze":2,"minecraft:cow":5},"minecraft:picked_up":{"minecraft:crafting_table":6,"minecraft:wheat":15,"minecraft:feather":6,"minecraft:chicken":1,"minecraft:ladder":1,"minecraft:iron_door":4,"minecraft:leather":7,"minecraft:stone_slab":2,"minecraft:wooden_pickaxe":1,"minecraft:chiseled_quartz_block":2,"minecraft:potato":118,"minecraft:enchanted_book":2,"minecraft:oak_log":16,"minecraft:chainmail_chestplate":5,"minecraft:gunpowder":2,"minecraft:yellow_bed":3,"minecraft:string":34,"minecraft:dirt":1653,"minecraft:wooden_sword":1,"minecraft:item_frame":1,"minecraft:cyan_carpet":4,"minecraft:bone":9,"dodo_mob:vvv":1,"minecraft:wheat_seeds":70,"minecraft:gold_nugget":68,"minecraft:stone_pickaxe":1,"minecraft:beef":13,"minecraft:iron_ingot":2,"minecraft:cobweb":3,"minecraft:written_book":3,"minecraft:poppy":1,"minecraft:iron_pickaxe":2,"minecraft:chest":4,"minecraft:oak_planks":101,"minecraft:iron_sword":4,"minecraft:egg":1,"minecraft:stick":9,"minecraft:oak_door":4,"minecraft:torch":2,"minecraft:poisonous_potato":1,"minecraft:porkchop":5,"minecraft:sand":2,"minecraft:carrot":19,"minecraft:redstone":59,"minecraft:stone_shovel":3,"minecraft:rotten_flesh":2,"minecraft:tnt":27,"minecraft:arrow":6,"minecraft:dispenser":1,"minecraft:diamond":6,"minecraft:stone_axe":3,"betteranimalsplus:eel_meat_cooked":3,"minecraft:chainmail_helmet":3,"minecraft:golden_apple":1,"minecraft:emerald":15,"minecraft:oak_sapling":1,"minecraft:obsidian":3,"minecraft:mutton":4,"minecraft:white_wool":7,"minecraft:cobblestone":243,"minecraft:sunflower":2},"minecraft:mined":{"dodo_mob:iy":2,"minecraft:crafting_table":2,"minecraft:grass_block":81,"minecraft:chest":2,"minecraft:tall_grass":7,"minecraft:cobblestone":5,"minecraft:wall_torch":1,"minecraft:seagrass":2,"minecraft:carrots":9,"minecraft:wheat":37,"minecraft:tnt":1,"minecraft:bee_nest":1,"minecraft:yellow_bed":1,"minecraft:grass":17,"minecraft:potatoes":67,"minecraft:oak_log":14,"minecraft:vine":1,"minecraft:dirt":18,"minecraft:sand":2,"minecraft:stone":16,"minecraft:oak_leaves":11},"minecraft:used":{"minecraft:wheat_seeds":50,"minecraft:stone_sword":3,"minecraft:oak_planks":2,"minecraft:stone_shovel":98,"minecraft:stone_pickaxe":5,"minecraft:poppy":1,"minecraft:wooden_pickaxe":16,"minecraft:iron_sword":23,"minecraft:chainmail_helmet":1,"minecraft:white_wool":1,"minecraft:dirt":165,"minecraft:sand":2,"minecraft:mutton":2,"minecraft:crafting_table":2,"minecraft:carrot":10,"minecraft:chainmail_chestplate":4,"minecraft:wooden_axe":1,"betteranimalsplus:eel_meat_cooked":2,"minecraft:iron_pickaxe":1,"minecraft:stone_axe":75,"betteranimalsplus:eel_meat_raw":2,"minecraft:cobblestone":7,"minecraft:beef":9,"minecraft:written_book":2,"minecraft:oak_sapling":1,"minecraft:cooked_porkchop":3,"minecraft:egg":1,"minecraft:yellow_bed":1,"minecraft:cobweb":3},"minecraft:dropped":{"betteranimalsplus:eel_meat_cooked":1,"minecraft:wheat_seeds":5,"minecraft:wheat":7,"minecraft:poisonous_potato":1,"minecraft:leather":1,"minecraft:stone_slab":1,"dodo_mob:vvv":1,"minecraft:item_frame":1,"minecraft:dirt":1,"minecraft:potato":32,"minecraft:sunflower":2,"minecraft:wooden_pickaxe":1,"minecraft:written_book":2,"minecraft:bone":4},"minecraft:killed_by":{"minecraft:player":12,"betteranimalsplus:boar":1,"minecraft:zombie":5,"iceandfire:ghost":1},"minecraft:crafted":{"minecraft:oak_planks":48,"minecraft:cooked_porkchop":3,"minecraft:crafting_table":3,"minecraft:wooden_pickaxe":1,"minecraft:stone_axe":3,"minecraft:stick":28,"minecraft:stone_pickaxe":2,"minecraft:wooden_axe":1,"betteranimalsplus:eel_meat_cooked":2,"minecraft:stone_sword":1},"minecraft:custom":{"minecraft:interact_with_furnace":4,"minecraft:mob_kills":15,"minecraft:interact_with_crafting_table":14,"minecraft:leave_game":1,"minecraft:time_since_death":6691,"minecraft:climb_one_cm":220,"minecraft:time_since_rest":6721,"minecraft:sprint_one_cm":308037,"minecraft:damage_taken":5877,"minecraft:walk_one_cm":215391,"minecraft:drop":53,"minecraft:damage_dealt":2884,"minecraft:swim_one_cm":18902,"minecraft:player_kills":1,"minecraft:fly_one_cm":269975,"minecraft:open_chest":19,"minecraft:crouch_one_cm":1251,"minecraft:play_time":48535,"minecraft:deaths":19,"minecraft:sneak_time":255,"minecraft:walk_under_water_one_cm":7015,"minecraft:boat_one_cm":1230,"minecraft:jump":1426,"minecraft:walk_on_water_one_cm":11402,"minecraft:total_world_time":48535,"minecraft:fall_one_cm":36494}},"DataVersion":3120}