{"stats":{"minecraft:mined":{"minecraft:tnt":1,"minecraft:crafting_table":2,"minecraft:oak_log":6,"minecraft:vine":1,"minecraft:cobblestone":2,"minecraft:stone":16,"minecraft:oak_leaves":5},"minecraft:killed_by":{"minecraft:player":4,"minecraft:zombie":5},"minecraft:picked_up":{"minecraft:crafting_table":2,"minecraft:leather":6,"minecraft:porkchop":5,"minecraft:oak_log":6,"minecraft:chainmail_chestplate":1,"minecraft:tnt":1,"minecraft:diamond":2,"minecraft:beef":7,"minecraft:iron_ingot":2,"minecraft:stone_pickaxe":1,"minecraft:golden_apple":1,"minecraft:oak_sapling":1,"minecraft:mutton":2,"minecraft:iron_sword":1,"minecraft:oak_planks":20,"minecraft:white_wool":2,"minecraft:cobblestone":26},"minecraft:killed":{"minecraft:sheep":2,"minecraft:pig":4,"minecraft:cow":3},"minecraft:custom":{"minecraft:time_since_rest":8439,"minecraft:interact_with_furnace":2,"minecraft:sprint_one_cm":104627,"minecraft:damage_taken":2349,"minecraft:walk_one_cm":63760,"minecraft:mob_kills":7,"minecraft:damage_dealt":1077,"minecraft:swim_one_cm":6552,"minecraft:interact_with_crafting_table":5,"minecraft:fly_one_cm":98530,"minecraft:open_chest":12,"minecraft:crouch_one_cm":107,"minecraft:play_time":16773,"minecraft:deaths":9,"minecraft:sneak_time":75,"minecraft:walk_under_water_one_cm":629,"minecraft:jump":442,"minecraft:walk_on_water_one_cm":1202,"minecraft:time_since_death":8411,"minecraft:total_world_time":16773,"minecraft:fall_one_cm":8642},"minecraft:used":{"minecraft:wooden_axe":1,"minecraft:stone_sword":3,"minecraft:stone_pickaxe":2,"minecraft:iron_pickaxe":1,"minecraft:wooden_pickaxe":16,"minecraft:stone_axe":12,"minecraft:cobblestone":3,"minecraft:crafting_table":2,"minecraft:oak_sapling":1,"minecraft:cooked_porkchop":1},"minecraft:crafted":{"minecraft:oak_planks":24,"minecraft:cooked_porkchop":3,"minecraft:crafting_table":2,"minecraft:stick":20,"minecraft:wooden_pickaxe":1,"minecraft:stone_pickaxe":2,"minecraft:wooden_axe":1,"minecraft:stone_sword":1,"minecraft:stone_axe":2}},"DataVersion":3120}