{"stats":{"minecraft:mined":{"minecraft:tnt":1,"minecraft:crafting_table":2,"minecraft:grass":1,"minecraft:oak_log":6,"minecraft:vine":1,"minecraft:cobblestone":2,"minecraft:stone":16,"minecraft:oak_leaves":5},"minecraft:killed_by":{"iceandfire:ghost":1,"minecraft:player":4,"minecraft:zombie":5},"minecraft:picked_up":{"minecraft:stick":7,"minecraft:crafting_table":3,"minecraft:leather":6,"minecraft:stone_slab":2,"minecraft:porkchop":5,"minecraft:oak_log":6,"minecraft:chainmail_chestplate":1,"minecraft:tnt":1,"minecraft:diamond":3,"minecraft:beef":11,"minecraft:iron_ingot":2,"minecraft:stone_pickaxe":1,"minecraft:golden_apple":1,"minecraft:iron_pickaxe":1,"minecraft:oak_sapling":1,"minecraft:mutton":2,"minecraft:iron_sword":2,"minecraft:oak_planks":20,"minecraft:white_wool":3,"minecraft:cobblestone":90},"minecraft:dropped":{"minecraft:stone_slab":1},"minecraft:killed":{"minecraft:skeleton":1,"minecraft:sheep":3,"minecraft:zombie":1,"minecraft:pig":4,"minecraft:cow":3},"minecraft:custom":{"minecraft:time_since_rest":2017,"minecraft:interact_with_furnace":2,"minecraft:sprint_one_cm":164123,"minecraft:damage_taken":2809,"minecraft:walk_one_cm":99187,"minecraft:mob_kills":10,"minecraft:drop":1,"minecraft:damage_dealt":1774,"minecraft:interact_with_crafting_table":5,"minecraft:swim_one_cm":17775,"minecraft:fly_one_cm":146958,"minecraft:open_chest":12,"minecraft:crouch_one_cm":107,"minecraft:play_time":23399,"minecraft:deaths":10,"minecraft:sneak_time":75,"minecraft:walk_under_water_one_cm":3320,"minecraft:boat_one_cm":616,"minecraft:jump":730,"minecraft:leave_game":1,"minecraft:time_since_death":1989,"minecraft:walk_on_water_one_cm":2972,"minecraft:total_world_time":23399,"minecraft:climb_one_cm":220,"minecraft:fall_one_cm":17619},"minecraft:used":{"minecraft:wooden_axe":1,"minecraft:stone_sword":3,"minecraft:stone_pickaxe":2,"minecraft:iron_pickaxe":1,"minecraft:wooden_pickaxe":16,"minecraft:iron_sword":6,"minecraft:stone_axe":19,"minecraft:cobblestone":5,"minecraft:beef":3,"minecraft:crafting_table":2,"minecraft:oak_sapling":1,"minecraft:cooked_porkchop":3},"minecraft:crafted":{"minecraft:oak_planks":24,"minecraft:cooked_porkchop":3,"minecraft:crafting_table":2,"minecraft:stick":20,"minecraft:wooden_pickaxe":1,"minecraft:stone_pickaxe":2,"minecraft:wooden_axe":1,"minecraft:stone_sword":1,"minecraft:stone_axe":2}},"DataVersion":3120}