{"stats":{"minecraft:killed":{"betteranimalsplus:coyote":1,"minecraft:spider":1,"betteranimalsplus:boar":2,"minecraft:chicken":1,"betteranimalsplus:goose":3,"betteranimalsplus:badger":1,"minecraft:pig":3,"minecraft:sheep":9,"minecraft:zombie":2,"iceandfire:ghost":5,"dodo_mob:befalo":1,"minecraft:cow":1},"minecraft:broken":{"minecraft:stone_pickaxe":1},"minecraft:picked_up":{"minecraft:wooden_axe":1,"minecraft:crafting_table":2,"minecraft:wheat":4,"iceandfire:witherbone":22,"minecraft:chicken":1,"minecraft:diamond_horse_armor":1,"minecraft:string":61,"minecraft:elytra":1,"minecraft:beef":6,"minecraft:oak_boat":1,"minecraft:written_book":4,"minecraft:smooth_quartz":1,"minecraft:egg":1,"minecraft:furnace":2,"minecraft:stick":2,"minecraft:raw_iron":15,"minecraft:spruce_stairs":1,"iceandfire:creative_dragon_meal":64,"minecraft:porkchop":16,"minecraft:diorite":7,"minecraft:iron_horse_armor":1,"minecraft:tnt":28,"minecraft:stone_sword":1,"minecraft:rotten_flesh":1,"minecraft:stone_shovel":1,"minecraft:hay_block":36,"minecraft:gold_ingot":37,"minecraft:white_terracotta":2,"minecraft:mutton":12,"minecraft:iron_bars":2,"minecraft:cobblestone":208,"minecraft:white_wool":19,"betteranimalsplus:goose_egg":1,"minecraft:birch_log":7,"minecraft:feather":3,"minecraft:andesite":1,"minecraft:leather":6,"minecraft:potato":22,"minecraft:oak_log":13,"minecraft:chainmail_chestplate":2,"minecraft:yellow_bed":3,"minecraft:gunpowder":14,"minecraft:dirt":35,"minecraft:wheat_seeds":5,"minecraft:stone_pickaxe":1,"minecraft:oak_planks":5,"minecraft:stone_hoe":1,"minecraft:cooked_porkchop":20,"minecraft:white_bed":3,"minecraft:spruce_log":3,"dodo_mob:cozza":1,"betteranimalsplus:eel_meat_raw":18,"minecraft:firework_rocket":64,"betteranimalsplus:boarhead_gray":2,"minecraft:diamond":3,"minecraft:stone_axe":2,"minecraft:chainmail_leggings":1,"minecraft:iron_helmet":1,"minecraft:golden_apple":2,"minecraft:bread":22,"minecraft:oak_sapling":2,"minecraft:dark_oak_wood":1,"minecraft:coal":87},"minecraft:used":{"minecraft:stone_sword":83,"minecraft:redstone":3,"minecraft:carrot_on_a_stick":1,"minecraft:stone_hoe":37,"minecraft:dirt":7,"minecraft:spruce_stairs":1,"minecraft:written_book":3,"minecraft:furnace":2,"minecraft:diorite":6,"minecraft:birch_planks":2,"minecraft:stone_pickaxe":131,"minecraft:oak_planks":1,"minecraft:birch_boat":2,"minecraft:wooden_pickaxe":14,"nuclear_bombs:nuke_20_ton":3,"minecraft:tnt":1,"minecraft:crafting_table":5,"minecraft:white_bed":1,"minecraft:lever":2,"minecraft:firework_rocket":9,"minecraft:chicken":1,"minecraft:bread":33,"minecraft:iron_pickaxe":19,"minecraft:stone_axe":33,"betteranimalsplus:eel_meat_raw":3,"minecraft:cobblestone":13,"minecraft:cooked_porkchop":1,"minecraft:yellow_bed":2},"minecraft:mined":{"minecraft:white_bed":3,"dodo_mob:iy":1,"minecraft:grass_block":2,"minecraft:spruce_leaves":2,"minecraft:hay_block":37,"minecraft:tall_seagrass":1,"minecraft:furnace":2,"minecraft:iron_ore":15,"minecraft:fire":3,"minecraft:potatoes":6,"minecraft:vine":1,"minecraft:iron_bars":3,"minecraft:stone":71,"minecraft:crafting_table":1,"minecraft:dark_oak_wood":2,"minecraft:stone_slab":1,"minecraft:tall_grass":5,"minecraft:cobblestone":2,"minecraft:oak_planks":2,"minecraft:diorite":7,"minecraft:white_terracotta":2,"minecraft:birch_log":7,"minecraft:spruce_log":3,"minecraft:yellow_bed":2,"minecraft:grass":8,"minecraft:oak_log":14,"minecraft:coal_ore":43,"minecraft:sunflower":1,"minecraft:dirt":21,"minecraft:oak_leaves":2,"minecraft:fern":1},"minecraft:dropped":{"minecraft:wheat_seeds":3,"minecraft:feather":2,"minecraft:stick":1,"minecraft:diorite":1,"minecraft:white_terracotta":2,"minecraft:chainmail_chestplate":1,"minecraft:iron_bars":2,"minecraft:wooden_pickaxe":1,"minecraft:written_book":3,"minecraft:egg":1},"minecraft:killed_by":{"minecraft:player":1,"minecraft:wither_skeleton":1,"betteranimalsplus:boar":2,"minecraft:creeper":2,"the_bath:the_bath":5,"iceandfire:fire_dragon":2},"minecraft:crafted":{"minecraft:oak_planks":12,"minecraft:birch_boat":2,"minecraft:furnace":2,"minecraft:stone_pickaxe":1,"minecraft:dark_oak_planks":4,"minecraft:stone_hoe":1,"minecraft:wheat":108,"minecraft:crafting_table":4,"minecraft:spruce_planks":12,"minecraft:wooden_pickaxe":2,"minecraft:birch_planks":28,"minecraft:stone_axe":1,"minecraft:air":0,"minecraft:bread":36,"minecraft:stick":16,"minecraft:iron_ingot":7,"minecraft:iron_pickaxe":1,"minecraft:stone_sword":1},"minecraft:custom":{"minecraft:mob_kills":32,"minecraft:interact_with_crafting_table":18,"minecraft:leave_game":8,"minecraft:time_since_death":7284,"minecraft:climb_one_cm":448,"minecraft:sprint_one_cm":365889,"minecraft:walk_one_cm":149840,"minecraft:drop":13,"minecraft:play_time":76258,"minecraft:deaths":14,"minecraft:sneak_time":498,"minecraft:walk_under_water_one_cm":12860,"minecraft:boat_one_cm":14046,"minecraft:jump":2408,"minecraft:walk_on_water_one_cm":18274,"minecraft:total_world_time":76258,"minecraft:interact_with_furnace":3,"minecraft:sleep_in_bed":1,"minecraft:time_since_rest":7306,"minecraft:damage_taken":5468,"minecraft:trigger_trapped_chest":2,"minecraft:damage_dealt":4683,"minecraft:swim_one_cm":48343,"minecraft:fly_one_cm":743537,"minecraft:player_kills":2,"minecraft:open_chest":19,"minecraft:crouch_one_cm":1472,"minecraft:aviate_one_cm":123647,"minecraft:fall_one_cm":72120}},"DataVersion":3120}