{"stats":{"minecraft:broken":{"minecraft:stone_pickaxe":1},"minecraft:killed_by":{"the_bath:the_bath":1,"minecraft:wither_skeleton":1,"betteranimalsplus:boar":2,"minecraft:creeper":2},"minecraft:mined":{"minecraft:white_bed":3,"minecraft:crafting_table":1,"minecraft:dark_oak_wood":2,"minecraft:grass_block":2,"minecraft:stone_slab":1,"minecraft:tall_grass":4,"minecraft:cobblestone":2,"minecraft:spruce_leaves":2,"minecraft:oak_planks":1,"minecraft:diorite":7,"minecraft:white_terracotta":2,"minecraft:hay_block":37,"minecraft:tall_seagrass":1,"minecraft:furnace":2,"minecraft:birch_log":7,"minecraft:iron_ore":15,"minecraft:spruce_log":3,"minecraft:yellow_bed":2,"minecraft:grass":7,"minecraft:potatoes":4,"minecraft:oak_log":14,"minecraft:coal_ore":43,"minecraft:vine":1,"minecraft:iron_bars":3,"minecraft:dirt":16,"minecraft:stone":71,"minecraft:oak_leaves":2,"minecraft:fern":1},"minecraft:picked_up":{"minecraft:wooden_axe":1,"minecraft:birch_log":7,"minecraft:crafting_table":2,"minecraft:feather":2,"minecraft:leather":6,"minecraft:oak_log":13,"minecraft:chainmail_chestplate":2,"minecraft:yellow_bed":2,"minecraft:dirt":31,"minecraft:wheat_seeds":4,"minecraft:beef":3,"minecraft:stone_pickaxe":1,"minecraft:smooth_quartz":1,"minecraft:oak_planks":4,"minecraft:furnace":2,"minecraft:egg":1,"minecraft:stick":2,"minecraft:raw_iron":15,"minecraft:porkchop":15,"minecraft:diorite":7,"minecraft:white_bed":3,"minecraft:spruce_log":3,"dodo_mob:cozza":1,"minecraft:tnt":28,"betteranimalsplus:eel_meat_raw":18,"minecraft:rotten_flesh":1,"minecraft:diamond":3,"minecraft:stone_axe":1,"minecraft:hay_block":36,"minecraft:golden_apple":1,"minecraft:white_terracotta":2,"minecraft:dark_oak_wood":1,"minecraft:mutton":12,"minecraft:iron_bars":2,"betteranimalsplus:goose_egg":1,"minecraft:coal":43,"minecraft:white_wool":10,"minecraft:cobblestone":89},"minecraft:dropped":{"minecraft:wheat_seeds":2,"minecraft:feather":2,"minecraft:white_terracotta":2,"minecraft:chainmail_chestplate":1,"minecraft:stick":1,"minecraft:diorite":1,"minecraft:iron_bars":2,"minecraft:wooden_pickaxe":1,"minecraft:egg":1},"minecraft:killed":{"betteranimalsplus:coyote":1,"minecraft:pig":3,"minecraft:spider":1,"betteranimalsplus:boar":1,"minecraft:sheep":9,"minecraft:zombie":2,"iceandfire:ghost":5,"betteranimalsplus:goose":3,"dodo_mob:befalo":1,"minecraft:cow":1},"minecraft:custom":{"minecraft:interact_with_furnace":3,"minecraft:mob_kills":29,"minecraft:interact_with_crafting_table":17,"minecraft:leave_game":4,"minecraft:time_since_death":42361,"minecraft:sleep_in_bed":1,"minecraft:climb_one_cm":448,"minecraft:time_since_rest":2036,"minecraft:sprint_one_cm":251944,"minecraft:damage_taken":3136,"minecraft:walk_one_cm":109626,"minecraft:trigger_trapped_chest":2,"minecraft:drop":9,"minecraft:damage_dealt":4039,"minecraft:player_kills":1,"minecraft:swim_one_cm":30813,"minecraft:fly_one_cm":473769,"minecraft:open_chest":16,"minecraft:crouch_one_cm":1054,"minecraft:play_time":49724,"minecraft:deaths":6,"minecraft:sneak_time":244,"minecraft:walk_under_water_one_cm":10129,"minecraft:boat_one_cm":448,"minecraft:jump":1578,"minecraft:walk_on_water_one_cm":3857,"minecraft:fall_one_cm":45082,"minecraft:total_world_time":49724},"minecraft:used":{"minecraft:diorite":6,"minecraft:stone_sword":72,"minecraft:birch_planks":2,"minecraft:stone_pickaxe":131,"minecraft:wooden_pickaxe":14,"minecraft:birch_boat":2,"minecraft:stone_hoe":37,"minecraft:dirt":3,"minecraft:tnt":1,"minecraft:crafting_table":5,"minecraft:white_bed":1,"minecraft:bread":26,"minecraft:iron_pickaxe":19,"betteranimalsplus:eel_meat_raw":3,"minecraft:stone_axe":33,"minecraft:cobblestone":3,"minecraft:furnace":2,"minecraft:yellow_bed":2},"minecraft:crafted":{"minecraft:oak_planks":12,"minecraft:crafting_table":4,"minecraft:spruce_planks":12,"minecraft:birch_boat":2,"minecraft:wooden_pickaxe":2,"minecraft:furnace":2,"minecraft:birch_planks":28,"minecraft:stone_axe":1,"minecraft:bread":36,"minecraft:air":0,"minecraft:stick":16,"minecraft:iron_ingot":7,"minecraft:iron_pickaxe":1,"minecraft:stone_pickaxe":1,"minecraft:stone_sword":1,"minecraft:dark_oak_planks":4,"minecraft:stone_hoe":1,"minecraft:wheat":108}},"DataVersion":3120}