{"stats":{"minecraft:used":{"minecraft:stone_pickaxe":66,"minecraft:wooden_pickaxe":14,"minecraft:dirt":3,"minecraft:crafting_table":3},"minecraft:custom":{"minecraft:time_since_rest":5362,"minecraft:sprint_one_cm":46839,"minecraft:damage_taken":2055,"minecraft:walk_one_cm":30792,"minecraft:mob_kills":1,"minecraft:damage_dealt":371,"minecraft:interact_with_crafting_table":3,"minecraft:fly_one_cm":56468,"minecraft:open_chest":2,"minecraft:crouch_one_cm":260,"minecraft:play_time":12697,"minecraft:deaths":6,"minecraft:sneak_time":62,"minecraft:jump":255,"minecraft:leave_game":1,"minecraft:walk_on_water_one_cm":37,"minecraft:time_since_death":5334,"minecraft:total_world_time":12697,"minecraft:fall_one_cm":10012},"minecraft:crafted":{"minecraft:oak_planks":12,"minecraft:crafting_table":2,"minecraft:spruce_planks":12,"minecraft:stick":8,"minecraft:wooden_pickaxe":2,"minecraft:stone_pickaxe":1,"minecraft:dark_oak_planks":4},"minecraft:killed":{"betteranimalsplus:boar":1},"minecraft:mined":{"minecraft:spruce_log":3,"minecraft:crafting_table":1,"minecraft:dark_oak_wood":2,"minecraft:grass":4,"minecraft:coal_ore":43,"minecraft:grass_block":1,"minecraft:oak_log":3,"minecraft:dirt":8,"minecraft:spruce_leaves":2,"minecraft:stone":32,"minecraft:oak_leaves":2},"minecraft:killed_by":{"the_bath:the_bath":1,"minecraft:wither_skeleton":1,"betteranimalsplus:boar":2,"minecraft:creeper":2},"minecraft:picked_up":{"minecraft:stick":2,"minecraft:crafting_table":2,"minecraft:porkchop":2,"minecraft:oak_log":3,"minecraft:spruce_log":3,"minecraft:dirt":23,"minecraft:wheat_seeds":2,"minecraft:smooth_quartz":1,"minecraft:dark_oak_wood":1,"minecraft:oak_planks":3,"minecraft:coal":43,"minecraft:cobblestone":28,"minecraft:egg":1}},"DataVersion":3120}