{"stats":{"minecraft:killed":{"betteranimalsplus:badger":1,"betteranimalsplus:coyote":1,"minecraft:pig":3,"minecraft:spider":1,"betteranimalsplus:boar":2,"minecraft:sheep":9,"minecraft:zombie":2,"iceandfire:ghost":5,"betteranimalsplus:goose":3,"dodo_mob:befalo":1,"minecraft:cow":1},"minecraft:broken":{"minecraft:stone_pickaxe":1},"minecraft:picked_up":{"minecraft:wooden_axe":1,"minecraft:birch_log":7,"minecraft:crafting_table":2,"minecraft:wheat":4,"minecraft:feather":2,"iceandfire:witherbone":22,"minecraft:leather":6,"minecraft:potato":22,"minecraft:diamond_horse_armor":1,"minecraft:oak_log":13,"minecraft:chainmail_chestplate":2,"minecraft:yellow_bed":3,"minecraft:gunpowder":14,"minecraft:string":61,"minecraft:dirt":31,"minecraft:wheat_seeds":5,"minecraft:beef":6,"minecraft:stone_pickaxe":1,"minecraft:oak_boat":1,"minecraft:written_book":4,"minecraft:smooth_quartz":1,"minecraft:stone_hoe":1,"minecraft:oak_planks":4,"minecraft:furnace":2,"minecraft:egg":1,"minecraft:stick":2,"minecraft:raw_iron":15,"minecraft:cooked_porkchop":12,"minecraft:spruce_stairs":1,"minecraft:porkchop":16,"minecraft:stone_sword":1,"minecraft:diorite":7,"minecraft:white_bed":3,"minecraft:spruce_log":3,"minecraft:stone_shovel":1,"minecraft:iron_horse_armor":1,"dodo_mob:cozza":1,"minecraft:tnt":28,"betteranimalsplus:eel_meat_raw":18,"betteranimalsplus:boarhead_gray":2,"minecraft:rotten_flesh":1,"minecraft:diamond":3,"minecraft:stone_axe":2,"minecraft:chainmail_leggings":1,"minecraft:iron_helmet":1,"minecraft:hay_block":36,"minecraft:bread":22,"minecraft:golden_apple":2,"minecraft:gold_ingot":37,"minecraft:oak_sapling":2,"minecraft:white_terracotta":2,"minecraft:dark_oak_wood":1,"minecraft:mutton":12,"minecraft:iron_bars":2,"minecraft:coal":85,"betteranimalsplus:goose_egg":1,"minecraft:white_wool":19,"minecraft:cobblestone":89},"minecraft:mined":{"minecraft:white_bed":3,"dodo_mob:iy":1,"minecraft:crafting_table":1,"minecraft:dark_oak_wood":2,"minecraft:grass_block":2,"minecraft:stone_slab":1,"minecraft:tall_grass":5,"minecraft:cobblestone":2,"minecraft:spruce_leaves":2,"minecraft:oak_planks":1,"minecraft:diorite":7,"minecraft:white_terracotta":2,"minecraft:hay_block":37,"minecraft:tall_seagrass":1,"minecraft:furnace":2,"minecraft:birch_log":7,"minecraft:iron_ore":15,"minecraft:spruce_log":3,"minecraft:yellow_bed":2,"minecraft:grass":7,"minecraft:potatoes":6,"minecraft:oak_log":14,"minecraft:coal_ore":43,"minecraft:vine":1,"minecraft:iron_bars":3,"minecraft:sunflower":1,"minecraft:dirt":16,"minecraft:stone":71,"minecraft:oak_leaves":2,"minecraft:fern":1},"minecraft:used":{"minecraft:diorite":6,"minecraft:stone_sword":83,"minecraft:birch_planks":2,"minecraft:stone_pickaxe":131,"minecraft:wooden_pickaxe":14,"minecraft:birch_boat":2,"minecraft:stone_hoe":37,"minecraft:dirt":3,"minecraft:tnt":1,"minecraft:crafting_table":5,"minecraft:spruce_stairs":1,"minecraft:white_bed":1,"minecraft:bread":33,"minecraft:iron_pickaxe":19,"betteranimalsplus:eel_meat_raw":3,"minecraft:cobblestone":13,"minecraft:stone_axe":33,"minecraft:written_book":3,"minecraft:cooked_porkchop":1,"minecraft:furnace":2,"minecraft:yellow_bed":2},"minecraft:dropped":{"minecraft:wheat_seeds":3,"minecraft:feather":2,"minecraft:white_terracotta":2,"minecraft:chainmail_chestplate":1,"minecraft:stick":1,"minecraft:diorite":1,"minecraft:iron_bars":2,"minecraft:wooden_pickaxe":1,"minecraft:written_book":3,"minecraft:egg":1},"minecraft:killed_by":{"the_bath:the_bath":2,"minecraft:player":1,"minecraft:wither_skeleton":1,"betteranimalsplus:boar":2,"minecraft:creeper":2},"minecraft:crafted":{"minecraft:oak_planks":12,"minecraft:crafting_table":4,"minecraft:spruce_planks":12,"minecraft:birch_boat":2,"minecraft:wooden_pickaxe":2,"minecraft:furnace":2,"minecraft:birch_planks":28,"minecraft:stone_axe":1,"minecraft:bread":36,"minecraft:air":0,"minecraft:stick":16,"minecraft:iron_ingot":7,"minecraft:iron_pickaxe":1,"minecraft:stone_pickaxe":1,"minecraft:stone_sword":1,"minecraft:dark_oak_planks":4,"minecraft:stone_hoe":1,"minecraft:wheat":108},"minecraft:custom":{"minecraft:interact_with_furnace":3,"minecraft:mob_kills":31,"minecraft:interact_with_crafting_table":17,"minecraft:leave_game":7,"minecraft:time_since_death":0,"minecraft:sleep_in_bed":1,"minecraft:climb_one_cm":448,"minecraft:time_since_rest":129,"minecraft:sprint_one_cm":329256,"minecraft:damage_taken":3916,"minecraft:walk_one_cm":124890,"minecraft:trigger_trapped_chest":2,"minecraft:drop":13,"minecraft:damage_dealt":4405,"minecraft:player_kills":2,"minecraft:swim_one_cm":43308,"minecraft:fly_one_cm":619968,"minecraft:open_chest":19,"minecraft:crouch_one_cm":1283,"minecraft:play_time":60634,"minecraft:sneak_time":261,"minecraft:deaths":8,"minecraft:walk_under_water_one_cm":11126,"minecraft:boat_one_cm":14046,"minecraft:jump":2077,"minecraft:walk_on_water_one_cm":13443,"minecraft:fall_one_cm":60280,"minecraft:total_world_time":60634}},"DataVersion":3120}