{"stats":{"minecraft:custom":{"minecraft:jump":10,"minecraft:time_since_rest":1202,"minecraft:leave_game":1,"minecraft:crouch_one_cm":116,"minecraft:sprint_one_cm":2767,"minecraft:play_time":1202,"minecraft:time_since_death":1202,"minecraft:walk_one_cm":2498,"minecraft:sneak_time":21,"minecraft:total_world_time":1202,"minecraft:fly_one_cm":3209},"minecraft:mined":{"minecraft:grass":1,"minecraft:oak_log":3,"minecraft:oak_leaves":2},"minecraft:picked_up":{"minecraft:oak_log":3}},"DataVersion":3120}