{"stats":{"minecraft:broken":{"minecraft:stone_pickaxe":1},"minecraft:killed_by":{"the_bath:the_bath":1,"minecraft:wither_skeleton":1,"betteranimalsplus:boar":2,"minecraft:creeper":2},"minecraft:mined":{"minecraft:white_bed":2,"minecraft:crafting_table":1,"minecraft:dark_oak_wood":2,"minecraft:grass_block":2,"minecraft:tall_grass":4,"minecraft:cobblestone":2,"minecraft:spruce_leaves":2,"minecraft:diorite":7,"minecraft:hay_block":37,"minecraft:white_terracotta":2,"minecraft:tall_seagrass":1,"minecraft:furnace":2,"minecraft:birch_log":7,"minecraft:iron_ore":15,"minecraft:spruce_log":3,"minecraft:yellow_bed":1,"minecraft:grass":5,"minecraft:potatoes":4,"minecraft:oak_log":14,"minecraft:coal_ore":43,"minecraft:vine":1,"minecraft:iron_bars":2,"minecraft:dirt":16,"minecraft:stone":71,"minecraft:oak_leaves":2,"minecraft:fern":1},"minecraft:picked_up":{"minecraft:wooden_axe":1,"minecraft:birch_log":7,"minecraft:crafting_table":2,"minecraft:feather":2,"minecraft:oak_log":13,"minecraft:chainmail_chestplate":1,"minecraft:yellow_bed":1,"minecraft:dirt":31,"minecraft:wheat_seeds":3,"minecraft:stone_pickaxe":1,"minecraft:beef":3,"minecraft:smooth_quartz":1,"minecraft:oak_planks":3,"minecraft:furnace":2,"minecraft:egg":1,"minecraft:stick":2,"minecraft:raw_iron":15,"minecraft:porkchop":10,"minecraft:diorite":7,"minecraft:white_bed":2,"minecraft:spruce_log":3,"dodo_mob:cozza":1,"betteranimalsplus:eel_meat_raw":18,"minecraft:tnt":27,"minecraft:diamond":3,"minecraft:stone_axe":1,"minecraft:hay_block":36,"minecraft:white_terracotta":2,"betteranimalsplus:goose_egg":1,"minecraft:dark_oak_wood":1,"minecraft:mutton":12,"minecraft:iron_bars":2,"minecraft:coal":43,"minecraft:white_wool":7,"minecraft:cobblestone":69},"minecraft:dropped":{"minecraft:wheat_seeds":2,"minecraft:feather":2,"minecraft:white_terracotta":2,"minecraft:chainmail_chestplate":1,"minecraft:stick":1,"minecraft:diorite":1,"minecraft:iron_bars":2,"minecraft:wooden_pickaxe":1,"minecraft:egg":1},"minecraft:killed":{"betteranimalsplus:coyote":1,"minecraft:pig":3,"betteranimalsplus:boar":1,"minecraft:sheep":9,"iceandfire:ghost":2,"betteranimalsplus:goose":3,"dodo_mob:befalo":1,"minecraft:cow":1},"minecraft:custom":{"minecraft:interact_with_furnace":3,"minecraft:mob_kills":23,"minecraft:interact_with_crafting_table":16,"minecraft:leave_game":2,"minecraft:time_since_death":36104,"minecraft:time_since_rest":36132,"minecraft:sprint_one_cm":191694,"minecraft:damage_taken":2780,"minecraft:walk_one_cm":96770,"minecraft:trigger_trapped_chest":2,"minecraft:drop":9,"minecraft:damage_dealt":2788,"minecraft:player_kills":1,"minecraft:swim_one_cm":16875,"minecraft:fly_one_cm":372392,"minecraft:open_chest":15,"minecraft:crouch_one_cm":812,"minecraft:play_time":43467,"minecraft:deaths":6,"minecraft:sneak_time":221,"minecraft:walk_under_water_one_cm":5304,"minecraft:jump":1248,"minecraft:walk_on_water_one_cm":2559,"minecraft:total_world_time":43467,"minecraft:fall_one_cm":34438},"minecraft:used":{"minecraft:diorite":6,"minecraft:stone_sword":50,"minecraft:stone_pickaxe":131,"minecraft:wooden_pickaxe":14,"minecraft:stone_hoe":37,"minecraft:dirt":3,"minecraft:tnt":1,"minecraft:crafting_table":4,"minecraft:white_bed":1,"minecraft:bread":18,"minecraft:iron_pickaxe":17,"betteranimalsplus:eel_meat_raw":3,"minecraft:stone_axe":27,"minecraft:cobblestone":3,"minecraft:furnace":2,"minecraft:yellow_bed":1},"minecraft:crafted":{"minecraft:oak_planks":12,"minecraft:crafting_table":3,"minecraft:spruce_planks":12,"minecraft:wooden_pickaxe":2,"minecraft:furnace":2,"minecraft:birch_planks":28,"minecraft:stone_axe":1,"minecraft:bread":36,"minecraft:air":0,"minecraft:stick":16,"minecraft:iron_ingot":7,"minecraft:iron_pickaxe":1,"minecraft:stone_pickaxe":1,"minecraft:stone_sword":1,"minecraft:dark_oak_planks":4,"minecraft:stone_hoe":1,"minecraft:wheat":108}},"DataVersion":3120}