{"stats":{"minecraft:used":{"minecraft:diorite":6,"minecraft:stone_sword":25,"minecraft:stone_pickaxe":131,"minecraft:wooden_pickaxe":14,"minecraft:stone_hoe":24,"minecraft:dirt":3,"minecraft:crafting_table":4,"minecraft:bread":9,"minecraft:iron_pickaxe":16,"minecraft:stone_axe":13,"minecraft:cobblestone":3,"minecraft:furnace":2},"minecraft:custom":{"minecraft:interact_with_furnace":3,"minecraft:mob_kills":8,"minecraft:interact_with_crafting_table":15,"minecraft:leave_game":1,"minecraft:time_since_death":19674,"minecraft:time_since_rest":19702,"minecraft:sprint_one_cm":96098,"minecraft:damage_taken":2423,"minecraft:walk_one_cm":64825,"minecraft:trigger_trapped_chest":2,"minecraft:damage_dealt":1445,"minecraft:swim_one_cm":1458,"minecraft:fly_one_cm":131199,"minecraft:player_kills":1,"minecraft:open_chest":4,"minecraft:crouch_one_cm":470,"minecraft:play_time":27037,"minecraft:deaths":6,"minecraft:sneak_time":162,"minecraft:walk_under_water_one_cm":5004,"minecraft:jump":516,"minecraft:walk_on_water_one_cm":1616,"minecraft:total_world_time":27037,"minecraft:fall_one_cm":16040},"minecraft:crafted":{"minecraft:oak_planks":12,"minecraft:crafting_table":3,"minecraft:spruce_planks":12,"minecraft:wooden_pickaxe":2,"minecraft:furnace":2,"minecraft:birch_planks":28,"minecraft:stone_axe":1,"minecraft:bread":36,"minecraft:air":0,"minecraft:stick":16,"minecraft:iron_pickaxe":1,"minecraft:iron_ingot":7,"minecraft:stone_pickaxe":1,"minecraft:stone_sword":1,"minecraft:dark_oak_planks":4,"minecraft:stone_hoe":1,"minecraft:wheat":108},"minecraft:broken":{"minecraft:stone_pickaxe":1},"minecraft:killed":{"betteranimalsplus:coyote":1,"betteranimalsplus:boar":1,"iceandfire:ghost":2,"betteranimalsplus:goose":3,"dodo_mob:befalo":1},"minecraft:killed_by":{"the_bath:the_bath":1,"minecraft:wither_skeleton":1,"betteranimalsplus:boar":2,"minecraft:creeper":2},"minecraft:mined":{"minecraft:white_bed":1,"minecraft:crafting_table":1,"minecraft:dark_oak_wood":2,"minecraft:grass_block":1,"minecraft:cobblestone":2,"minecraft:spruce_leaves":2,"minecraft:diorite":7,"minecraft:hay_block":24,"minecraft:white_terracotta":2,"minecraft:tall_seagrass":1,"minecraft:furnace":2,"minecraft:birch_log":7,"minecraft:iron_ore":15,"minecraft:spruce_log":3,"minecraft:grass":4,"minecraft:oak_log":9,"minecraft:coal_ore":43,"minecraft:vine":1,"minecraft:iron_bars":2,"minecraft:dirt":16,"minecraft:stone":71,"minecraft:oak_leaves":2,"minecraft:fern":1},"minecraft:picked_up":{"minecraft:birch_log":7,"minecraft:crafting_table":2,"minecraft:feather":2,"minecraft:oak_log":9,"minecraft:dirt":31,"minecraft:wheat_seeds":2,"minecraft:beef":2,"minecraft:smooth_quartz":1,"minecraft:oak_planks":3,"minecraft:egg":1,"minecraft:furnace":2,"minecraft:stick":2,"minecraft:raw_iron":15,"minecraft:porkchop":2,"minecraft:diorite":7,"minecraft:white_bed":1,"minecraft:spruce_log":3,"dodo_mob:cozza":1,"minecraft:hay_block":23,"minecraft:white_terracotta":2,"betteranimalsplus:goose_egg":1,"minecraft:dark_oak_wood":1,"minecraft:coal":43,"minecraft:iron_bars":2,"minecraft:cobblestone":69}},"DataVersion":3120}