{"stats":{"minecraft:used":{"minecraft:stone_sword":2,"minecraft:stone_pickaxe":131,"minecraft:iron_pickaxe":9,"minecraft:wooden_pickaxe":14,"minecraft:stone_axe":7,"minecraft:dirt":3,"minecraft:crafting_table":3,"minecraft:furnace":2},"minecraft:custom":{"minecraft:time_since_rest":11362,"minecraft:interact_with_furnace":3,"minecraft:sprint_one_cm":57769,"minecraft:damage_taken":2095,"minecraft:walk_one_cm":47823,"minecraft:mob_kills":1,"minecraft:damage_dealt":601,"minecraft:player_kills":1,"minecraft:interact_with_crafting_table":12,"minecraft:fly_one_cm":68538,"minecraft:open_chest":2,"minecraft:crouch_one_cm":470,"minecraft:play_time":18697,"minecraft:deaths":6,"minecraft:sneak_time":140,"minecraft:jump":316,"minecraft:leave_game":1,"minecraft:walk_on_water_one_cm":37,"minecraft:time_since_death":11334,"minecraft:total_world_time":18697,"minecraft:fall_one_cm":11649},"minecraft:crafted":{"minecraft:oak_planks":12,"minecraft:crafting_table":3,"minecraft:spruce_planks":12,"minecraft:stick":16,"minecraft:iron_pickaxe":1,"minecraft:iron_ingot":7,"minecraft:wooden_pickaxe":2,"minecraft:stone_pickaxe":1,"minecraft:stone_sword":1,"minecraft:furnace":2,"minecraft:dark_oak_planks":4,"minecraft:birch_planks":28,"minecraft:stone_axe":1,"minecraft:air":0},"minecraft:broken":{"minecraft:stone_pickaxe":1},"minecraft:killed":{"betteranimalsplus:boar":1},"minecraft:killed_by":{"the_bath:the_bath":1,"minecraft:wither_skeleton":1,"betteranimalsplus:boar":2,"minecraft:creeper":2},"minecraft:mined":{"minecraft:furnace":2,"minecraft:birch_log":7,"minecraft:iron_ore":15,"minecraft:spruce_log":3,"minecraft:crafting_table":1,"minecraft:dark_oak_wood":2,"minecraft:grass":4,"minecraft:coal_ore":43,"minecraft:grass_block":1,"minecraft:oak_log":3,"minecraft:dirt":16,"minecraft:spruce_leaves":2,"minecraft:stone":71,"minecraft:diorite":7,"minecraft:oak_leaves":2},"minecraft:picked_up":{"minecraft:birch_log":7,"minecraft:raw_iron":15,"minecraft:stick":2,"minecraft:crafting_table":2,"minecraft:porkchop":2,"minecraft:oak_log":3,"minecraft:diorite":7,"minecraft:spruce_log":3,"minecraft:dirt":31,"minecraft:wheat_seeds":2,"minecraft:smooth_quartz":1,"minecraft:dark_oak_wood":1,"minecraft:oak_planks":3,"minecraft:coal":43,"minecraft:furnace":2,"minecraft:cobblestone":67,"minecraft:egg":1}},"DataVersion":3120}