{"stats":{"minecraft:killed":{"betteranimalsplus:badger":1,"minecraft:pig":2,"minecraft:spider":1,"minecraft:skeleton":2},"minecraft:picked_up":{"minecraft:wooden_axe":2,"minecraft:birch_log":4,"minecraft:crafting_table":1,"iceandfire:witherbone":11,"minecraft:andesite":17,"minecraft:wooden_pickaxe":3,"minecraft:potato":39,"minecraft:flint":1,"minecraft:oak_log":26,"minecraft:chainmail_chestplate":1,"minecraft:gunpowder":4,"minecraft:dirt":28,"minecraft:raw_copper":23,"minecraft:wooden_sword":1,"minecraft:bone":3,"minecraft:bow":1,"minecraft:wheat_seeds":6,"minecraft:iron_ingot":4,"minecraft:oak_boat":1,"minecraft:written_book":2,"minecraft:iron_pickaxe":1,"minecraft:enchanted_golden_apple":1,"minecraft:oak_planks":8,"minecraft:egg":2,"minecraft:stick":16,"minecraft:cooked_porkchop":8,"minecraft:torch":1,"dodo_mob:fossi":1,"minecraft:gravel":2,"minecraft:porkchop":8,"minecraft:diorite":21,"betteranimalsplus:eel_meat_raw":2,"minecraft:stone_sword":2,"minecraft:arrow":2,"minecraft:stone_shovel":2,"minecraft:rotten_flesh":4,"minecraft:stone_axe":1,"minecraft:granite":7,"minecraft:golden_apple":1,"minecraft:baked_potato":6,"minecraft:oak_sapling":9,"minecraft:coal":3,"minecraft:cobblestone":295},"minecraft:mined":{"minecraft:grass_block":7,"minecraft:tall_grass":19,"minecraft:cobblestone":2,"minecraft:oak_planks":8,"minecraft:tall_seagrass":1,"minecraft:birch_log":5,"minecraft:fire":2,"minecraft:grass":89,"minecraft:oak_log":20,"minecraft:dirt":1,"minecraft:oak_leaves":5},"minecraft:used":{"minecraft:stone_sword":11,"minecraft:birch_planks":2,"minecraft:oak_planks":21,"minecraft:chest":1,"minecraft:wooden_pickaxe":2,"minecraft:rotten_flesh":3,"minecraft:dirt":5,"minecraft:crafting_table":3,"minecraft:wooden_axe":22,"minecraft:bread":2,"minecraft:blaze_spawn_egg":21,"betteranimalsplus:eel_meat_raw":2,"minecraft:wooden_sword":8,"minecraft:cobblestone":123,"minecraft:written_book":4,"minecraft:oak_boat":3,"minecraft:egg":2,"minecraft:cobweb":3},"minecraft:dropped":{"minecraft:wheat_seeds":1,"minecraft:raw_copper":9,"minecraft:wooden_axe":1,"minecraft:bow":1,"minecraft:arrow":2,"minecraft:written_book":2,"minecraft:bone":2},"minecraft:killed_by":{"betteranimalsplus:coyote":1,"man:managgresive":1,"the_bath:the_bath":1,"betteranimalsplus:eel_freshwater":1,"minecraft:player":5,"minecraft:creeper":3,"minecraft:zombie":1,"iceandfire:ghost":1},"minecraft:crafted":{"minecraft:wooden_sword":1,"minecraft:oak_planks":80,"minecraft:crafting_table":3,"minecraft:wooden_pickaxe":2,"minecraft:birch_planks":16,"minecraft:oak_boat":2,"minecraft:stick":12,"minecraft:wooden_axe":2,"minecraft:stone_sword":1,"minecraft:chest":1},"minecraft:custom":{"minecraft:mob_kills":6,"minecraft:interact_with_crafting_table":8,"minecraft:leave_game":13,"minecraft:time_since_death":10846,"minecraft:time_since_rest":10872,"minecraft:sprint_one_cm":168726,"minecraft:damage_taken":4110,"minecraft:walk_one_cm":87391,"minecraft:drop":8,"minecraft:damage_dealt":1823,"minecraft:swim_one_cm":6079,"minecraft:fly_one_cm":422090,"minecraft:player_kills":2,"minecraft:open_chest":4,"minecraft:crouch_one_cm":678,"minecraft:play_time":65791,"minecraft:deaths":15,"minecraft:sneak_time":267,"minecraft:walk_under_water_one_cm":867,"minecraft:boat_one_cm":1056,"minecraft:jump":1625,"minecraft:walk_on_water_one_cm":2651,"minecraft:total_world_time":65791,"minecraft:fall_one_cm":42942}},"DataVersion":3120}