{"stats":{"minecraft:killed":{"minecraft:skeleton":2,"minecraft:pig":1},"minecraft:picked_up":{"minecraft:wooden_axe":1,"minecraft:birch_log":4,"minecraft:stick":3,"minecraft:torch":1,"minecraft:wooden_pickaxe":1,"minecraft:potato":1,"minecraft:porkchop":2,"minecraft:oak_log":20,"minecraft:gunpowder":4,"minecraft:dirt":20,"minecraft:wooden_sword":1,"betteranimalsplus:eel_meat_raw":2,"minecraft:bone":3,"minecraft:arrow":2,"minecraft:rotten_flesh":4,"minecraft:wheat_seeds":6,"minecraft:iron_ingot":4,"minecraft:oak_boat":1,"minecraft:written_book":2,"minecraft:iron_pickaxe":1,"minecraft:egg":2},"minecraft:mined":{"minecraft:tall_seagrass":1,"minecraft:birch_log":5,"minecraft:grass":86,"minecraft:grass_block":7,"minecraft:oak_log":14,"minecraft:tall_grass":19,"minecraft:oak_leaves":2},"minecraft:used":{"minecraft:wooden_axe":11,"minecraft:birch_planks":2,"minecraft:oak_planks":9,"minecraft:chest":1,"minecraft:rotten_flesh":3,"betteranimalsplus:eel_meat_raw":2,"minecraft:wooden_sword":5,"minecraft:dirt":5,"minecraft:written_book":4,"minecraft:crafting_table":2,"minecraft:oak_boat":2,"minecraft:egg":2,"minecraft:cobweb":3},"minecraft:dropped":{"minecraft:wheat_seeds":1,"minecraft:wooden_axe":1,"minecraft:arrow":2,"minecraft:written_book":2,"minecraft:bone":2},"minecraft:killed_by":{"betteranimalsplus:coyote":1,"man:managgresive":1,"iceandfire:ghost":1,"minecraft:player":2,"minecraft:creeper":3,"minecraft:zombie":1},"minecraft:crafted":{"minecraft:wooden_sword":1,"minecraft:oak_boat":1,"minecraft:oak_planks":56,"minecraft:crafting_table":2,"minecraft:stick":8,"minecraft:wooden_pickaxe":1,"minecraft:wooden_axe":1,"minecraft:chest":1,"minecraft:birch_planks":16},"minecraft:custom":{"minecraft:time_since_rest":1252,"minecraft:sprint_one_cm":105690,"minecraft:damage_taken":2628,"minecraft:walk_one_cm":54478,"minecraft:mob_kills":3,"minecraft:drop":6,"minecraft:damage_dealt":1036,"minecraft:swim_one_cm":6079,"minecraft:interact_with_crafting_table":4,"minecraft:fly_one_cm":301549,"minecraft:open_chest":3,"minecraft:crouch_one_cm":298,"minecraft:play_time":41572,"minecraft:deaths":9,"minecraft:sneak_time":150,"minecraft:walk_under_water_one_cm":867,"minecraft:boat_one_cm":758,"minecraft:jump":1057,"minecraft:leave_game":7,"minecraft:time_since_death":1221,"minecraft:walk_on_water_one_cm":2080,"minecraft:total_world_time":41572,"minecraft:fall_one_cm":39927}},"DataVersion":3120}