{"stats":{"minecraft:mined":{"minecraft:grass":7,"minecraft:grass_block":4,"minecraft:oak_log":4,"minecraft:tall_grass":2},"minecraft:killed_by":{"betteranimalsplus:coyote":1,"minecraft:player":1,"minecraft:creeper":2,"minecraft:zombie":1},"minecraft:picked_up":{"minecraft:porkchop":2,"minecraft:oak_log":4,"minecraft:dirt":19,"minecraft:rotten_flesh":2,"minecraft:wheat_seeds":5,"minecraft:iron_ingot":4,"minecraft:written_book":2,"minecraft:egg":2},"minecraft:dropped":{"minecraft:wheat_seeds":1,"minecraft:written_book":2},"minecraft:killed":{"minecraft:pig":1},"minecraft:custom":{"minecraft:time_since_rest":5522,"minecraft:sprint_one_cm":59330,"minecraft:damage_taken":1618,"minecraft:walk_one_cm":36221,"minecraft:mob_kills":1,"minecraft:drop":3,"minecraft:damage_dealt":654,"minecraft:swim_one_cm":3084,"minecraft:interact_with_crafting_table":1,"minecraft:fly_one_cm":183192,"minecraft:open_chest":2,"minecraft:crouch_one_cm":298,"minecraft:play_time":26709,"minecraft:deaths":5,"minecraft:sneak_time":122,"minecraft:walk_under_water_one_cm":175,"minecraft:jump":649,"minecraft:leave_game":3,"minecraft:walk_on_water_one_cm":1183,"minecraft:time_since_death":5488,"minecraft:total_world_time":26709,"minecraft:fall_one_cm":24696},"minecraft:used":{"minecraft:chest":1,"minecraft:rotten_flesh":1,"minecraft:dirt":5,"minecraft:written_book":4,"minecraft:crafting_table":1,"minecraft:egg":2,"minecraft:cobweb":3},"minecraft:crafted":{"minecraft:oak_planks":16,"minecraft:crafting_table":1,"minecraft:chest":1}},"DataVersion":3120}