{"stats":{"minecraft:killed":{"betteranimalsplus:badger":1,"minecraft:pig":2,"minecraft:spider":1,"minecraft:skeleton":2},"minecraft:picked_up":{"minecraft:wooden_axe":2,"minecraft:birch_log":4,"minecraft:crafting_table":1,"minecraft:wooden_pickaxe":3,"minecraft:potato":39,"minecraft:oak_log":26,"minecraft:chainmail_chestplate":1,"minecraft:gunpowder":4,"minecraft:dirt":28,"minecraft:wooden_sword":1,"minecraft:bone":3,"minecraft:wheat_seeds":6,"minecraft:iron_ingot":4,"minecraft:oak_boat":1,"minecraft:written_book":2,"minecraft:iron_pickaxe":1,"minecraft:enchanted_golden_apple":1,"minecraft:oak_planks":8,"minecraft:egg":2,"minecraft:stick":16,"minecraft:torch":1,"minecraft:porkchop":8,"betteranimalsplus:eel_meat_raw":2,"minecraft:stone_shovel":1,"minecraft:stone_sword":2,"minecraft:arrow":2,"minecraft:rotten_flesh":4,"minecraft:baked_potato":6,"minecraft:oak_sapling":9,"minecraft:cobblestone":2},"minecraft:mined":{"minecraft:grass_block":7,"minecraft:tall_grass":19,"minecraft:cobblestone":2,"minecraft:oak_planks":8,"minecraft:tall_seagrass":1,"minecraft:birch_log":5,"minecraft:grass":89,"minecraft:oak_log":20,"minecraft:dirt":1,"minecraft:oak_leaves":5},"minecraft:used":{"minecraft:stone_sword":11,"minecraft:birch_planks":2,"minecraft:oak_planks":21,"minecraft:chest":1,"minecraft:wooden_pickaxe":2,"minecraft:rotten_flesh":3,"minecraft:dirt":5,"minecraft:crafting_table":3,"minecraft:wooden_axe":22,"betteranimalsplus:eel_meat_raw":2,"minecraft:wooden_sword":8,"minecraft:written_book":4,"minecraft:oak_boat":3,"minecraft:egg":2,"minecraft:cobweb":3},"minecraft:dropped":{"minecraft:wheat_seeds":1,"minecraft:wooden_axe":1,"minecraft:arrow":2,"minecraft:written_book":2,"minecraft:bone":2},"minecraft:killed_by":{"betteranimalsplus:coyote":1,"man:managgresive":1,"minecraft:player":4,"minecraft:creeper":3,"minecraft:zombie":1,"iceandfire:ghost":1},"minecraft:crafted":{"minecraft:wooden_sword":1,"minecraft:oak_planks":80,"minecraft:crafting_table":3,"minecraft:wooden_pickaxe":2,"minecraft:birch_planks":16,"minecraft:oak_boat":2,"minecraft:stick":12,"minecraft:wooden_axe":2,"minecraft:stone_sword":1,"minecraft:chest":1},"minecraft:custom":{"minecraft:mob_kills":6,"minecraft:interact_with_crafting_table":8,"minecraft:leave_game":8,"minecraft:time_since_death":864,"minecraft:time_since_rest":892,"minecraft:sprint_one_cm":125324,"minecraft:damage_taken":3339,"minecraft:walk_one_cm":66157,"minecraft:drop":6,"minecraft:damage_dealt":1607,"minecraft:swim_one_cm":6079,"minecraft:fly_one_cm":337565,"minecraft:player_kills":1,"minecraft:open_chest":3,"minecraft:crouch_one_cm":579,"minecraft:play_time":49030,"minecraft:deaths":12,"minecraft:sneak_time":228,"minecraft:walk_under_water_one_cm":867,"minecraft:boat_one_cm":1056,"minecraft:jump":1234,"minecraft:walk_on_water_one_cm":2080,"minecraft:total_world_time":49030,"minecraft:fall_one_cm":42942}},"DataVersion":3120}