{"stats":{"minecraft:used":{"minecraft:dirt":5,"minecraft:egg":2},"minecraft:custom":{"minecraft:time_since_rest":2870,"minecraft:crouch_one_cm":298,"minecraft:sprint_one_cm":24864,"minecraft:play_time":10147,"minecraft:walk_one_cm":19594,"minecraft:damage_taken":871,"minecraft:deaths":3,"minecraft:sneak_time":117,"minecraft:mob_kills":1,"minecraft:jump":279,"minecraft:damage_dealt":393,"minecraft:leave_game":1,"minecraft:time_since_death":2736,"minecraft:total_world_time":10147,"minecraft:fall_one_cm":10096,"minecraft:fly_one_cm":63090},"minecraft:killed":{"minecraft:pig":1},"minecraft:killed_by":{"minecraft:creeper":2,"minecraft:zombie":1},"minecraft:mined":{"minecraft:grass":1,"minecraft:grass_block":3,"minecraft:tall_grass":2},"minecraft:picked_up":{"minecraft:wheat_seeds":3,"minecraft:porkchop":2,"minecraft:dirt":18,"minecraft:egg":2}},"DataVersion":3120}