{"stats":{"minecraft:used":{"minecraft:egg":1},"minecraft:custom":{"minecraft:jump":29,"minecraft:time_since_rest":3017,"minecraft:damage_dealt":46,"minecraft:leave_game":1,"minecraft:sprint_one_cm":3003,"minecraft:play_time":3017,"minecraft:damage_taken":10,"minecraft:time_since_death":3017,"minecraft:walk_one_cm":3730,"minecraft:total_world_time":3017,"minecraft:mob_kills":1,"minecraft:fall_one_cm":418,"minecraft:fly_one_cm":5508},"minecraft:killed":{"minecraft:pig":1},"minecraft:mined":{"minecraft:grass_block":3},"minecraft:picked_up":{"minecraft:porkchop":2,"minecraft:wheat_seeds":1,"minecraft:dirt":3,"minecraft:egg":1}},"DataVersion":3120}