{"stats":{"minecraft:killed_by":{"betteranimalsplus:coyote":1,"man:managgresive":1,"iceandfire:ghost":1,"minecraft:player":1,"minecraft:creeper":3,"minecraft:zombie":1},"minecraft:mined":{"minecraft:tall_seagrass":1,"minecraft:birch_log":5,"minecraft:grass":84,"minecraft:grass_block":6,"minecraft:oak_log":8,"minecraft:tall_grass":19},"minecraft:picked_up":{"minecraft:birch_log":4,"minecraft:porkchop":2,"minecraft:oak_log":8,"minecraft:dirt":19,"betteranimalsplus:eel_meat_raw":2,"minecraft:arrow":2,"minecraft:bone":3,"minecraft:rotten_flesh":4,"minecraft:wheat_seeds":6,"minecraft:iron_ingot":4,"minecraft:written_book":2,"minecraft:egg":2},"minecraft:dropped":{"minecraft:wheat_seeds":1,"minecraft:arrow":2,"minecraft:written_book":2,"minecraft:bone":2},"minecraft:killed":{"minecraft:skeleton":2,"minecraft:pig":1},"minecraft:custom":{"minecraft:time_since_rest":3825,"minecraft:sprint_one_cm":81941,"minecraft:damage_taken":2478,"minecraft:walk_one_cm":43264,"minecraft:mob_kills":3,"minecraft:drop":5,"minecraft:damage_dealt":1026,"minecraft:swim_one_cm":6079,"minecraft:interact_with_crafting_table":3,"minecraft:fly_one_cm":251007,"minecraft:open_chest":2,"minecraft:crouch_one_cm":298,"minecraft:play_time":33820,"minecraft:deaths":8,"minecraft:sneak_time":150,"minecraft:walk_under_water_one_cm":867,"minecraft:jump":845,"minecraft:leave_game":4,"minecraft:walk_on_water_one_cm":2080,"minecraft:time_since_death":3754,"minecraft:total_world_time":33820,"minecraft:fall_one_cm":34652},"minecraft:used":{"minecraft:wooden_axe":4,"minecraft:oak_planks":4,"minecraft:chest":1,"minecraft:rotten_flesh":3,"minecraft:wooden_sword":5,"minecraft:dirt":5,"minecraft:written_book":4,"minecraft:crafting_table":2,"minecraft:egg":2,"minecraft:cobweb":3},"minecraft:crafted":{"minecraft:wooden_sword":1,"minecraft:oak_planks":28,"minecraft:crafting_table":2,"minecraft:stick":8,"minecraft:wooden_pickaxe":1,"minecraft:wooden_axe":1,"minecraft:chest":1,"minecraft:birch_planks":16}},"DataVersion":3120}