{"stats":{"minecraft:custom":{"minecraft:open_chest":1,"minecraft:time_since_rest":632,"minecraft:crouch_one_cm":298,"minecraft:play_time":21819,"minecraft:sprint_one_cm":57358,"minecraft:damage_taken":1541,"minecraft:walk_one_cm":32442,"minecraft:deaths":5,"minecraft:sneak_time":122,"minecraft:walk_under_water_one_cm":175,"minecraft:mob_kills":1,"minecraft:drop":3,"minecraft:jump":625,"minecraft:damage_dealt":654,"minecraft:leave_game":3,"minecraft:time_since_death":598,"minecraft:walk_on_water_one_cm":1183,"minecraft:total_world_time":21819,"minecraft:swim_one_cm":3084,"minecraft:fall_one_cm":24069,"minecraft:fly_one_cm":177796},"minecraft:used":{"minecraft:rotten_flesh":1,"minecraft:dirt":5,"minecraft:written_book":4,"minecraft:egg":2,"minecraft:cobweb":3},"minecraft:dropped":{"minecraft:wheat_seeds":1,"minecraft:written_book":2},"minecraft:killed":{"minecraft:pig":1},"minecraft:killed_by":{"betteranimalsplus:coyote":1,"minecraft:creeper":2,"minecraft:zombie":1,"minecraft:player":1},"minecraft:mined":{"minecraft:grass":6,"minecraft:grass_block":4,"minecraft:tall_grass":2},"minecraft:picked_up":{"minecraft:rotten_flesh":2,"minecraft:wheat_seeds":5,"minecraft:porkchop":2,"minecraft:written_book":2,"minecraft:dirt":19,"minecraft:egg":2}},"DataVersion":3120}