{"stats":{"minecraft:used":{"minecraft:dirt":5,"minecraft:egg":2},"minecraft:custom":{"minecraft:time_since_rest":663,"minecraft:crouch_one_cm":298,"minecraft:sprint_one_cm":31693,"minecraft:play_time":14788,"minecraft:damage_taken":1166,"minecraft:deaths":4,"minecraft:walk_one_cm":21695,"minecraft:sneak_time":117,"minecraft:mob_kills":1,"minecraft:jump":389,"minecraft:damage_dealt":393,"minecraft:leave_game":2,"minecraft:time_since_death":636,"minecraft:total_world_time":14788,"minecraft:fall_one_cm":16789,"minecraft:fly_one_cm":101779},"minecraft:killed":{"minecraft:pig":1},"minecraft:killed_by":{"minecraft:creeper":2,"minecraft:zombie":1,"minecraft:player":1},"minecraft:mined":{"minecraft:grass":2,"minecraft:grass_block":3,"minecraft:tall_grass":2},"minecraft:picked_up":{"minecraft:wheat_seeds":3,"minecraft:porkchop":2,"minecraft:dirt":18,"minecraft:egg":2}},"DataVersion":3120}