{"stats":{"minecraft:broken":{"minecraft:iron_sword":1},"minecraft:killed_by":{"minecraft:wither_skeleton":3,"the_bath:the_bath":3},"minecraft:mined":{"minecraft:dark_oak_planks":7,"minecraft:dark_prismarine":1,"minecraft:spruce_planks":6,"minecraft:grass_block":3,"minecraft:spruce_fence":2,"minecraft:spawner":12,"minecraft:enchanting_table":1,"minecraft:dark_oak_stairs":1,"minecraft:bookshelf":1,"minecraft:vine":1,"minecraft:oak_stairs":1,"minecraft:spruce_wood":20,"minecraft:stone":20,"minecraft:spruce_slab":2,"minecraft:crafting_table":1,"minecraft:dark_oak_wood":15,"iceandfire:ghost_chest":1,"minecraft:cobblestone":1,"minecraft:birch_wood":2,"minecraft:spruce_stairs":2,"minecraft:cyan_wool":11,"minecraft:coarse_dirt":2,"minecraft:grass":2,"minecraft:coal_ore":1,"minecraft:dirt":6,"minecraft:cyan_carpet":4,"minecraft:smooth_quartz":20,"minecraft:cobweb":3},"minecraft:picked_up":{"minecraft:coarse_dirt":2,"minecraft:iron_chestplate":3,"minecraft:crafting_table":3,"minecraft:wheat":7,"minecraft:ladder":1,"minecraft:chainmail_boots":1,"iceandfire:witherbone":21,"minecraft:diamond_sword":3,"minecraft:oak_stairs":2,"minecraft:chain":2,"minecraft:shield":2,"iceandfire:manuscript":1,"minecraft:cornflower":3,"minecraft:string":38,"minecraft:iron_axe":2,"minecraft:flint_and_steel":4,"minecraft:cyan_carpet":11,"minecraft:gold_nugget":34,"minecraft:bucket":2,"minecraft:spruce_planks":45,"minecraft:cyan_wool":11,"minecraft:iron_pickaxe":8,"minecraft:smooth_quartz":33,"minecraft:spruce_slab":6,"minecraft:stick":5,"iceandfire:ghost_chest":1,"minecraft:oak_door":2,"minecraft:torch":1,"minecraft:spruce_stairs":4,"minecraft:spruce_fence":2,"minecraft:porkchop":30,"minecraft:redstone":59,"minecraft:golden_chestplate":1,"minecraft:dark_oak_planks":7,"minecraft:tnt":27,"minecraft:stone_sword":1,"iceandfire:silver_ingot":1,"minecraft:arrow":8,"minecraft:rotten_flesh":4,"minecraft:golden_hoe":1,"minecraft:gold_ingot":10,"minecraft:skeleton_skull":3,"minecraft:cobblestone":40,"minecraft:enchanting_table":1,"minecraft:chainmail_chestplate":2,"minecraft:gunpowder":15,"minecraft:dirt":9,"minecraft:name_tag":3,"minecraft:bone":37,"minecraft:birch_wood":6,"minecraft:spruce_wood":20,"minecraft:stone_pickaxe":1,"minecraft:iron_ingot":4,"minecraft:oak_planks":15,"minecraft:iron_sword":4,"minecraft:dark_oak_stairs":1,"minecraft:book":3,"minecraft:lava_bucket":3,"minecraft:diamond_block":1,"minecraft:spider_eye":2,"minecraft:dark_prismarine":2,"minecraft:dispenser":1,"minecraft:diamond":1,"minecraft:stone_axe":3,"minecraft:chainmail_leggings":1,"minecraft:bone_meal":15,"minecraft:golden_apple":1,"minecraft:bread":87,"minecraft:emerald":84,"minecraft:dark_oak_wood":15,"minecraft:coal":11},"minecraft:dropped":{"minecraft:bread":13,"minecraft:iron_ingot":4,"minecraft:tnt":27,"minecraft:diamond":1,"minecraft:book":3,"minecraft:stick":1,"minecraft:torch":1,"minecraft:dispenser":1,"minecraft:cornflower":2,"minecraft:chain":2,"minecraft:bone_meal":15,"minecraft:gold_nugget":34,"minecraft:golden_hoe":1,"minecraft:string":10,"minecraft:cyan_carpet":6,"minecraft:bone":5,"minecraft:redstone":59,"minecraft:oak_door":2,"minecraft:stone_axe":2,"minecraft:diamond_block":1,"minecraft:golden_chestplate":1,"minecraft:stone_sword":1,"minecraft:wheat":7,"minecraft:oak_planks":15,"minecraft:spruce_fence":1,"iceandfire:ghost_chest":1,"minecraft:skeleton_skull":1,"minecraft:iron_chestplate":1,"iceandfire:silver_ingot":1,"minecraft:ladder":1,"minecraft:chainmail_boots":1,"minecraft:spider_eye":2,"minecraft:arrow":4,"minecraft:stone_pickaxe":1,"minecraft:dark_prismarine":1,"iceandfire:manuscript":1},"minecraft:killed":{"minecraft:cave_spider":4,"minecraft:spider":3,"minecraft:skeleton":1,"minecraft:pig":4,"minecraft:zombie":1,"minecraft:wither_skeleton":27},"minecraft:custom":{"minecraft:mob_kills":42,"minecraft:interact_with_crafting_table":3,"minecraft:damage_dealt_resisted":3047,"minecraft:leave_game":1,"minecraft:time_since_death":3839,"minecraft:climb_one_cm":1082,"minecraft:sprint_one_cm":145610,"minecraft:walk_one_cm":78311,"minecraft:damage_blocked_by_shield":1689,"minecraft:drop":60,"minecraft:play_time":40635,"minecraft:deaths":6,"minecraft:sneak_time":3623,"minecraft:walk_under_water_one_cm":2826,"minecraft:jump":1235,"minecraft:walk_on_water_one_cm":1813,"minecraft:total_world_time":40635,"minecraft:time_since_rest":3863,"minecraft:damage_taken":3192,"minecraft:damage_absorbed":40,"minecraft:damage_dealt":13306,"minecraft:player_kills":1,"minecraft:swim_one_cm":18636,"minecraft:fly_one_cm":229271,"minecraft:open_chest":12,"minecraft:crouch_one_cm":7111,"minecraft:fall_one_cm":30800},"minecraft:used":{"minecraft:stone_sword":6,"minecraft:spruce_slab":2,"minecraft:spruce_planks":72,"minecraft:shield":29,"minecraft:iron_sword":236,"minecraft:dirt":9,"minecraft:spruce_stairs":4,"minecraft:cyan_wool":11,"minecraft:dark_oak_planks":65,"minecraft:lava_bucket":2,"minecraft:oak_stairs":2,"minecraft:iron_axe":50,"minecraft:smooth_quartz":21,"minecraft:dark_oak_stairs":1,"minecraft:water_bucket":1,"minecraft:birch_planks":8,"minecraft:chainmail_helmet":1,"minecraft:golden_apple":1,"minecraft:crafting_table":1,"minecraft:white_bed":1,"minecraft:cornflower":1,"minecraft:bread":23,"minecraft:cyan_carpet":5,"minecraft:iron_pickaxe":57,"minecraft:stone_axe":16,"minecraft:diamond_sword":26,"minecraft:cobblestone":21,"minecraft:bucket":4,"minecraft:coarse_dirt":2,"minecraft:cobweb":1},"minecraft:crafted":{"minecraft:iron_axe":1,"minecraft:dark_oak_planks":60,"minecraft:crafting_table":1,"minecraft:spruce_planks":80,"minecraft:birch_planks":8,"minecraft:white_wool":3,"minecraft:shield":1,"minecraft:stick":4,"minecraft:white_bed":1}},"DataVersion":3120}