{"stats":{"minecraft:broken":{"minecraft:shield":1,"minecraft:iron_sword":1},"minecraft:killed_by":{"minecraft:wither_skeleton":8,"minecraft:creeper":1,"the_bath:the_bath":4,"betteranimalsplus:shark":1,"minecraft:skeleton":6},"minecraft:mined":{"minecraft:dark_oak_planks":25,"minecraft:dark_prismarine":3,"minecraft:red_carpet":1,"minecraft:spruce_planks":10,"minecraft:white_bed":3,"dodo_mob:iy":1,"minecraft:mossy_cobblestone":7,"minecraft:grass_block":9,"minecraft:spruce_fence":3,"minecraft:coal_block":8,"minecraft:spawner":17,"minecraft:large_fern":1,"minecraft:fire":29,"minecraft:dark_oak_stairs":1,"minecraft:enchanting_table":1,"minecraft:bookshelf":2,"minecraft:vine":1,"minecraft:oak_stairs":1,"minecraft:spruce_wood":24,"minecraft:stone":24,"minecraft:spruce_slab":2,"minecraft:red_bed":2,"minecraft:stone_brick_slab":2,"minecraft:crafting_table":1,"minecraft:cornflower":1,"minecraft:dark_oak_wood":17,"iceandfire:ghost_chest":2,"minecraft:cobblestone":25,"minecraft:birch_wood":5,"minecraft:sugar_cane":1,"minecraft:spruce_stairs":2,"minecraft:cyan_wool":17,"minecraft:coarse_dirt":2,"minecraft:grass":2,"minecraft:coal_ore":1,"minecraft:gravel":3,"minecraft:sand":1,"minecraft:dirt":10,"minecraft:cyan_carpet":4,"minecraft:smooth_quartz":22,"minecraft:cobweb":3,"minecraft:oak_leaves":2},"minecraft:picked_up":{"minecraft:crafting_table":4,"minecraft:iron_chestplate":5,"minecraft:coarse_dirt":2,"minecraft:wheat":7,"minecraft:ladder":1,"minecraft:chainmail_boots":5,"iceandfire:witherbone":34,"minecraft:diamond_sword":7,"minecraft:oak_stairs":2,"minecraft:enchanted_book":1,"minecraft:chain":4,"minecraft:shield":3,"minecraft:cornflower":6,"iceandfire:manuscript":8,"minecraft:string":75,"minecraft:red_bed":2,"minecraft:iron_axe":4,"minecraft:flint_and_steel":5,"minecraft:cyan_carpet":11,"minecraft:gold_nugget":34,"minecraft:bucket":3,"minecraft:spruce_planks":48,"minecraft:oak_boat":1,"minecraft:cyan_wool":17,"minecraft:smooth_quartz":35,"minecraft:iron_pickaxe":12,"minecraft:spruce_slab":6,"minecraft:coal_block":8,"minecraft:stick":11,"iceandfire:ghost_chest":2,"minecraft:oak_door":2,"minecraft:copper_ingot":1,"minecraft:torch":1,"minecraft:spruce_stairs":4,"sophisticatedbackpacks:backpack":1,"minecraft:spruce_fence":5,"minecraft:porkchop":42,"minecraft:redstone":59,"minecraft:golden_chestplate":1,"minecraft:dark_oak_planks":23,"minecraft:tnt":27,"iceandfire:silver_ingot":1,"minecraft:stone_sword":1,"minecraft:arrow":18,"minecraft:rotten_flesh":6,"minecraft:golden_hoe":1,"minecraft:gold_ingot":29,"minecraft:skeleton_skull":3,"minecraft:cobblestone":68,"minecraft:enchanting_table":2,"minecraft:golden_carrot":52,"minecraft:chainmail_chestplate":16,"minecraft:gunpowder":58,"minecraft:dirt":19,"minecraft:name_tag":8,"minecraft:red_carpet":1,"minecraft:bone":72,"minecraft:birch_wood":9,"minecraft:spruce_wood":24,"minecraft:iron_ingot":12,"minecraft:stone_pickaxe":1,"minecraft:iron_sword":4,"minecraft:oak_planks":15,"minecraft:dark_oak_stairs":1,"minecraft:book":15,"minecraft:stone_brick_slab":2,"minecraft:gravel":2,"minecraft:lava_bucket":5,"betteranimalsplus:pheasantraw":3,"minecraft:white_bed":3,"minecraft:diamond_block":1,"minecraft:spider_eye":3,"minecraft:mossy_cobblestone":6,"minecraft:dark_prismarine":4,"minecraft:dispenser":1,"minecraft:diamond":1,"minecraft:stone_axe":3,"minecraft:chainmail_leggings":3,"minecraft:bone_meal":15,"minecraft:golden_apple":1,"minecraft:emerald":213,"minecraft:bread":174,"minecraft:dark_oak_wood":17,"minecraft:coal":22},"minecraft:dropped":{"minecraft:iron_ingot":4,"minecraft:bread":13,"minecraft:tnt":27,"minecraft:mossy_cobblestone":1,"minecraft:diamond":1,"minecraft:book":3,"minecraft:copper_ingot":1,"minecraft:stick":3,"minecraft:dispenser":1,"minecraft:torch":1,"minecraft:cornflower":5,"minecraft:chain":4,"minecraft:gold_nugget":34,"minecraft:bone_meal":15,"minecraft:golden_hoe":1,"minecraft:string":10,"minecraft:cyan_carpet":6,"minecraft:bone":5,"minecraft:redstone":59,"minecraft:oak_door":2,"minecraft:gravel":2,"minecraft:stone_axe":2,"minecraft:diamond_block":1,"minecraft:golden_chestplate":1,"minecraft:stone_sword":1,"minecraft:wheat":7,"minecraft:oak_planks":15,"minecraft:spruce_fence":2,"minecraft:diamond_sword":1,"iceandfire:ghost_chest":1,"minecraft:skeleton_skull":1,"minecraft:iron_chestplate":2,"iceandfire:silver_ingot":1,"minecraft:ladder":1,"minecraft:chainmail_boots":1,"minecraft:spider_eye":2,"minecraft:arrow":4,"minecraft:stone_pickaxe":1,"minecraft:dark_prismarine":1,"iceandfire:manuscript":8},"minecraft:killed":{"minecraft:cave_spider":6,"minecraft:spider":7,"betteranimalsplus:boar":1,"betteranimalsplus:butterfly":2,"minecraft:skeleton":1,"minecraft:pig":4,"minecraft:zombie":2,"dodo_mob:befalo":1,"minecraft:wither_skeleton":28},"minecraft:custom":{"minecraft:interact_with_anvil":2,"minecraft:mob_kills":54,"minecraft:interact_with_crafting_table":6,"minecraft:damage_dealt_resisted":3175,"minecraft:leave_game":3,"minecraft:time_since_death":15183,"minecraft:climb_one_cm":1082,"minecraft:sprint_one_cm":370075,"minecraft:walk_one_cm":153183,"minecraft:damage_blocked_by_shield":1749,"minecraft:drop":81,"minecraft:talked_to_villager":2,"minecraft:play_time":85373,"minecraft:sneak_time":5535,"minecraft:deaths":20,"minecraft:walk_under_water_one_cm":4517,"minecraft:jump":2874,"minecraft:walk_on_water_one_cm":7992,"minecraft:total_world_time":85373,"minecraft:interact_with_furnace":2,"minecraft:sleep_in_bed":2,"minecraft:time_since_rest":1138,"minecraft:damage_taken":8636,"minecraft:damage_absorbed":40,"minecraft:damage_dealt":17483,"minecraft:player_kills":1,"minecraft:swim_one_cm":48121,"minecraft:fly_one_cm":636204,"minecraft:open_chest":50,"minecraft:crouch_one_cm":11109,"minecraft:fall_one_cm":81521},"minecraft:used":{"minecraft:stone_sword":12,"minecraft:spruce_slab":2,"minecraft:spruce_planks":91,"minecraft:shield":32,"minecraft:iron_sword":236,"minecraft:dirt":19,"minecraft:chainmail_chestplate":4,"minecraft:spruce_stairs":4,"minecraft:cyan_wool":17,"minecraft:stone_brick_slab":2,"minecraft:dark_oak_planks":88,"minecraft:lava_bucket":7,"minecraft:iron_axe":52,"minecraft:oak_stairs":2,"minecraft:smooth_quartz":23,"minecraft:red_carpet":1,"minecraft:golden_carrot":1,"minecraft:golden_axe":6,"minecraft:dark_oak_stairs":1,"minecraft:water_bucket":1,"minecraft:birch_planks":20,"minecraft:stone_pickaxe":30,"minecraft:baked_potato":8,"minecraft:chainmail_helmet":2,"minecraft:golden_apple":1,"minecraft:white_wool":2,"minecraft:mossy_cobblestone":5,"minecraft:crafting_table":1,"minecraft:red_bed":1,"minecraft:white_bed":3,"minecraft:dark_prismarine":2,"minecraft:cornflower":1,"minecraft:bread":29,"minecraft:iron_pickaxe":69,"minecraft:cyan_carpet":5,"minecraft:stone_axe":19,"minecraft:diamond_sword":69,"minecraft:cobblestone":57,"minecraft:chainmail_boots":4,"minecraft:bucket":9,"minecraft:coarse_dirt":2,"minecraft:golden_pickaxe":14,"minecraft:cobweb":1,"minecraft:chainmail_leggings":1},"minecraft:crafted":{"minecraft:iron_axe":1,"minecraft:stone_pickaxe":1,"minecraft:dark_oak_planks":68,"minecraft:golden_axe":1,"minecraft:crafting_table":1,"minecraft:spruce_planks":96,"minecraft:baked_potato":31,"minecraft:golden_pickaxe":1,"minecraft:birch_planks":20,"minecraft:stone_axe":1,"minecraft:air":0,"minecraft:white_wool":5,"minecraft:shield":1,"minecraft:stick":8,"minecraft:stone_sword":1,"minecraft:white_bed":1}},"DataVersion":3120}