{"stats":{"minecraft:killed_by":{"the_bath:the_bath":1,"minecraft:wither_skeleton":1},"minecraft:mined":{"minecraft:dark_oak_planks":1,"minecraft:dark_prismarine":1,"minecraft:spruce_planks":1,"minecraft:crafting_table":1,"iceandfire:ghost_chest":1,"minecraft:spawner":2,"minecraft:coarse_dirt":2,"minecraft:coal_ore":1,"minecraft:grass":2,"minecraft:vine":1,"minecraft:smooth_quartz":4,"minecraft:dirt":1,"minecraft:cobweb":1,"minecraft:spruce_wood":12,"minecraft:stone":20,"minecraft:spruce_slab":2},"minecraft:picked_up":{"minecraft:crafting_table":1,"minecraft:iron_chestplate":2,"minecraft:coarse_dirt":2,"minecraft:wheat":7,"minecraft:ladder":1,"minecraft:chain":2,"minecraft:cornflower":3,"iceandfire:manuscript":1,"minecraft:dirt":1,"minecraft:string":11,"minecraft:flint_and_steel":2,"minecraft:bone":5,"minecraft:gold_nugget":34,"minecraft:bucket":1,"minecraft:spruce_planks":1,"minecraft:spruce_wood":12,"minecraft:iron_ingot":4,"minecraft:stone_pickaxe":1,"minecraft:smooth_quartz":4,"minecraft:iron_pickaxe":4,"minecraft:spruce_slab":2,"minecraft:iron_sword":2,"minecraft:oak_planks":15,"minecraft:stick":1,"iceandfire:ghost_chest":1,"minecraft:oak_door":2,"minecraft:torch":1,"minecraft:lava_bucket":1,"minecraft:porkchop":12,"minecraft:redstone":59,"minecraft:diamond_block":1,"minecraft:golden_chestplate":1,"minecraft:dark_oak_planks":1,"minecraft:dark_prismarine":1,"minecraft:arrow":4,"minecraft:tnt":27,"iceandfire:silver_ingot":1,"minecraft:dispenser":1,"minecraft:stone_sword":1,"minecraft:diamond":1,"minecraft:stone_axe":2,"minecraft:golden_hoe":1,"minecraft:bone_meal":15,"minecraft:golden_apple":1,"minecraft:bread":37,"minecraft:coal":1,"minecraft:skeleton_skull":2,"minecraft:cobblestone":20},"minecraft:dropped":{"minecraft:oak_door":2,"minecraft:iron_ingot":4,"minecraft:bread":13,"minecraft:stone_axe":1,"minecraft:diamond_block":1,"minecraft:golden_chestplate":1,"minecraft:stone_sword":1,"minecraft:tnt":27,"minecraft:diamond":1,"minecraft:wheat":7,"minecraft:oak_planks":15,"minecraft:stick":1,"iceandfire:ghost_chest":1,"minecraft:dispenser":1,"minecraft:torch":1,"minecraft:cornflower":2,"iceandfire:silver_ingot":1,"minecraft:ladder":1,"minecraft:chain":2,"minecraft:gold_nugget":34,"minecraft:bone_meal":15,"minecraft:golden_hoe":1,"minecraft:arrow":4,"minecraft:stone_pickaxe":1,"minecraft:string":10,"iceandfire:manuscript":1,"minecraft:bone":5,"minecraft:redstone":59},"minecraft:killed":{"minecraft:pig":4},"minecraft:custom":{"minecraft:mob_kills":4,"minecraft:interact_with_crafting_table":2,"minecraft:leave_game":1,"minecraft:time_since_death":491,"minecraft:climb_one_cm":1082,"minecraft:time_since_rest":516,"minecraft:damage_blocked_by_shield":802,"minecraft:sprint_one_cm":56824,"minecraft:walk_one_cm":19549,"minecraft:damage_taken":841,"minecraft:damage_absorbed":40,"minecraft:drop":47,"minecraft:damage_dealt":622,"minecraft:swim_one_cm":18636,"minecraft:fly_one_cm":185380,"minecraft:player_kills":1,"minecraft:open_chest":1,"minecraft:crouch_one_cm":1928,"minecraft:play_time":16635,"minecraft:deaths":2,"minecraft:sneak_time":510,"minecraft:walk_under_water_one_cm":2826,"minecraft:jump":678,"minecraft:walk_on_water_one_cm":1813,"minecraft:total_world_time":16635,"minecraft:fall_one_cm":25184},"minecraft:used":{"minecraft:water_bucket":1,"minecraft:stone_sword":6,"minecraft:spruce_planks":5,"minecraft:shield":12,"minecraft:iron_sword":11,"minecraft:golden_apple":1,"minecraft:dirt":1,"minecraft:crafting_table":1,"minecraft:cornflower":1,"minecraft:iron_axe":1,"minecraft:bread":5,"minecraft:iron_pickaxe":28,"minecraft:stone_axe":16,"minecraft:cobblestone":7,"minecraft:bucket":2,"minecraft:coarse_dirt":2},"minecraft:crafted":{"minecraft:crafting_table":1,"minecraft:spruce_planks":48,"minecraft:shield":1,"minecraft:iron_axe":1,"minecraft:stick":4}},"DataVersion":3120}