{"stats":{"minecraft:mined":{"minecraft:coarse_dirt":2,"iceandfire:ghost_chest":1,"minecraft:vine":1,"minecraft:dirt":1},"minecraft:picked_up":{"minecraft:coarse_dirt":2,"minecraft:wheat":7,"iceandfire:ghost_chest":1,"minecraft:ladder":1,"minecraft:oak_door":2,"minecraft:torch":1,"minecraft:chain":2,"minecraft:redstone":59,"minecraft:diamond_block":1,"minecraft:golden_chestplate":1,"minecraft:dirt":1,"iceandfire:manuscript":1,"minecraft:string":10,"minecraft:flint_and_steel":1,"minecraft:tnt":27,"minecraft:bone":5,"minecraft:stone_sword":1,"minecraft:arrow":4,"minecraft:dispenser":1,"minecraft:diamond":1,"minecraft:stone_axe":1,"minecraft:golden_hoe":1,"minecraft:gold_nugget":17,"minecraft:bucket":1,"minecraft:iron_ingot":4,"minecraft:bone_meal":15,"minecraft:golden_apple":1,"minecraft:iron_pickaxe":1,"minecraft:skeleton_skull":1},"minecraft:dropped":{"iceandfire:ghost_chest":1,"minecraft:chain":2,"iceandfire:manuscript":1},"minecraft:custom":{"minecraft:time_since_rest":5103,"minecraft:sprint_one_cm":23702,"minecraft:damage_taken":100,"minecraft:walk_one_cm":4781,"minecraft:drop":4,"minecraft:damage_dealt":10,"minecraft:swim_one_cm":13997,"minecraft:fly_one_cm":59637,"minecraft:play_time":5103,"minecraft:sneak_time":25,"minecraft:walk_under_water_one_cm":639,"minecraft:jump":221,"minecraft:walk_on_water_one_cm":941,"minecraft:time_since_death":5103,"minecraft:total_world_time":5103,"minecraft:climb_one_cm":205,"minecraft:fall_one_cm":7427},"minecraft:used":{"minecraft:water_bucket":1,"minecraft:dirt":1,"minecraft:bucket":1,"minecraft:coarse_dirt":2}},"DataVersion":3120}