{"stats":{"minecraft:broken":{"minecraft:shield":1,"minecraft:iron_sword":1},"minecraft:killed_by":{"minecraft:wither_skeleton":7,"minecraft:creeper":1,"the_bath:the_bath":4,"minecraft:skeleton":6},"minecraft:mined":{"minecraft:dark_oak_planks":25,"minecraft:dark_prismarine":3,"minecraft:red_carpet":1,"minecraft:spruce_planks":10,"minecraft:white_bed":2,"minecraft:mossy_cobblestone":5,"minecraft:grass_block":8,"minecraft:spruce_fence":3,"minecraft:coal_block":8,"minecraft:spawner":17,"minecraft:fire":29,"minecraft:enchanting_table":1,"minecraft:dark_oak_stairs":1,"minecraft:bookshelf":2,"minecraft:vine":1,"minecraft:oak_stairs":1,"minecraft:spruce_wood":24,"minecraft:stone":24,"minecraft:spruce_slab":2,"minecraft:crafting_table":1,"minecraft:cornflower":1,"minecraft:dark_oak_wood":17,"iceandfire:ghost_chest":1,"minecraft:cobblestone":1,"minecraft:birch_wood":5,"minecraft:spruce_stairs":2,"minecraft:cyan_wool":17,"minecraft:coarse_dirt":2,"minecraft:grass":2,"minecraft:coal_ore":1,"minecraft:dirt":10,"minecraft:cyan_carpet":4,"minecraft:smooth_quartz":22,"minecraft:cobweb":3},"minecraft:picked_up":{"minecraft:coarse_dirt":2,"minecraft:iron_chestplate":3,"minecraft:crafting_table":4,"minecraft:wheat":7,"minecraft:ladder":1,"minecraft:chainmail_boots":4,"iceandfire:witherbone":34,"minecraft:diamond_sword":7,"minecraft:oak_stairs":2,"minecraft:enchanted_book":1,"minecraft:chain":2,"minecraft:shield":3,"iceandfire:manuscript":1,"minecraft:cornflower":6,"minecraft:string":69,"minecraft:iron_axe":4,"minecraft:flint_and_steel":5,"minecraft:cyan_carpet":11,"minecraft:gold_nugget":34,"minecraft:bucket":3,"minecraft:spruce_planks":48,"minecraft:oak_boat":1,"minecraft:cyan_wool":17,"minecraft:iron_pickaxe":12,"minecraft:smooth_quartz":35,"minecraft:spruce_slab":6,"minecraft:coal_block":8,"minecraft:stick":9,"iceandfire:ghost_chest":1,"minecraft:oak_door":2,"minecraft:torch":1,"sophisticatedbackpacks:backpack":1,"minecraft:spruce_stairs":4,"minecraft:spruce_fence":5,"minecraft:porkchop":39,"minecraft:redstone":59,"minecraft:golden_chestplate":1,"minecraft:dark_oak_planks":23,"minecraft:tnt":27,"minecraft:stone_sword":1,"iceandfire:silver_ingot":1,"minecraft:arrow":16,"minecraft:rotten_flesh":6,"minecraft:golden_hoe":1,"minecraft:gold_ingot":29,"minecraft:skeleton_skull":3,"minecraft:cobblestone":44,"minecraft:enchanting_table":2,"minecraft:golden_carrot":43,"minecraft:chainmail_chestplate":13,"minecraft:gunpowder":49,"minecraft:dirt":18,"minecraft:name_tag":7,"minecraft:red_carpet":1,"minecraft:bone":67,"minecraft:birch_wood":9,"minecraft:spruce_wood":24,"minecraft:stone_pickaxe":1,"minecraft:iron_ingot":12,"minecraft:oak_planks":15,"minecraft:iron_sword":4,"minecraft:dark_oak_stairs":1,"minecraft:book":12,"minecraft:lava_bucket":5,"minecraft:white_bed":2,"minecraft:diamond_block":1,"minecraft:spider_eye":3,"minecraft:mossy_cobblestone":5,"minecraft:dark_prismarine":4,"minecraft:dispenser":1,"minecraft:diamond":1,"minecraft:stone_axe":3,"minecraft:chainmail_leggings":3,"minecraft:bone_meal":15,"minecraft:golden_apple":1,"minecraft:bread":174,"minecraft:emerald":201,"minecraft:dark_oak_wood":17,"minecraft:coal":22},"minecraft:dropped":{"minecraft:bread":13,"minecraft:iron_ingot":4,"minecraft:tnt":27,"minecraft:diamond":1,"minecraft:book":3,"minecraft:stick":3,"minecraft:torch":1,"minecraft:dispenser":1,"minecraft:cornflower":5,"minecraft:chain":2,"minecraft:bone_meal":15,"minecraft:gold_nugget":34,"minecraft:golden_hoe":1,"minecraft:string":10,"minecraft:cyan_carpet":6,"minecraft:bone":5,"minecraft:redstone":59,"minecraft:oak_door":2,"minecraft:stone_axe":2,"minecraft:diamond_block":1,"minecraft:golden_chestplate":1,"minecraft:stone_sword":1,"minecraft:wheat":7,"minecraft:oak_planks":15,"minecraft:spruce_fence":2,"minecraft:diamond_sword":1,"iceandfire:ghost_chest":1,"minecraft:skeleton_skull":1,"minecraft:iron_chestplate":1,"iceandfire:silver_ingot":1,"minecraft:ladder":1,"minecraft:chainmail_boots":1,"minecraft:spider_eye":2,"minecraft:arrow":4,"minecraft:stone_pickaxe":1,"minecraft:dark_prismarine":1,"iceandfire:manuscript":1},"minecraft:killed":{"minecraft:cave_spider":6,"minecraft:spider":7,"betteranimalsplus:butterfly":2,"minecraft:skeleton":1,"minecraft:pig":4,"minecraft:zombie":1,"minecraft:wither_skeleton":28},"minecraft:custom":{"minecraft:interact_with_anvil":2,"minecraft:mob_kills":51,"minecraft:interact_with_crafting_table":4,"minecraft:damage_dealt_resisted":3173,"minecraft:leave_game":2,"minecraft:time_since_death":52,"minecraft:climb_one_cm":1082,"minecraft:sprint_one_cm":306596,"minecraft:walk_one_cm":131939,"minecraft:damage_blocked_by_shield":1749,"minecraft:drop":67,"minecraft:play_time":68796,"minecraft:deaths":18,"minecraft:sneak_time":5473,"minecraft:walk_under_water_one_cm":3446,"minecraft:jump":2024,"minecraft:walk_on_water_one_cm":2714,"minecraft:total_world_time":68796,"minecraft:sleep_in_bed":1,"minecraft:time_since_rest":79,"minecraft:damage_taken":7888,"minecraft:damage_absorbed":40,"minecraft:damage_dealt":17008,"minecraft:player_kills":1,"minecraft:swim_one_cm":22303,"minecraft:fly_one_cm":388379,"minecraft:open_chest":43,"minecraft:crouch_one_cm":11095,"minecraft:fall_one_cm":50876},"minecraft:used":{"minecraft:stone_sword":6,"minecraft:spruce_slab":2,"minecraft:spruce_planks":91,"minecraft:shield":32,"minecraft:iron_sword":236,"minecraft:dirt":18,"minecraft:chainmail_chestplate":4,"minecraft:spruce_stairs":4,"minecraft:cyan_wool":17,"minecraft:dark_oak_planks":88,"minecraft:lava_bucket":7,"minecraft:oak_stairs":2,"minecraft:iron_axe":52,"minecraft:smooth_quartz":23,"minecraft:red_carpet":1,"minecraft:golden_carrot":1,"minecraft:golden_axe":6,"minecraft:dark_oak_stairs":1,"minecraft:water_bucket":1,"minecraft:birch_planks":20,"minecraft:chainmail_helmet":2,"minecraft:mossy_cobblestone":5,"minecraft:white_wool":2,"minecraft:golden_apple":1,"minecraft:crafting_table":1,"minecraft:white_bed":3,"minecraft:dark_prismarine":2,"minecraft:cornflower":1,"minecraft:bread":29,"minecraft:cyan_carpet":5,"minecraft:iron_pickaxe":69,"minecraft:stone_axe":16,"minecraft:diamond_sword":69,"minecraft:cobblestone":21,"minecraft:chainmail_boots":3,"minecraft:bucket":9,"minecraft:coarse_dirt":2,"minecraft:golden_pickaxe":14,"minecraft:cobweb":1,"minecraft:chainmail_leggings":1},"minecraft:crafted":{"minecraft:iron_axe":1,"minecraft:dark_oak_planks":68,"minecraft:golden_axe":1,"minecraft:crafting_table":1,"minecraft:spruce_planks":96,"minecraft:golden_pickaxe":1,"minecraft:birch_planks":20,"minecraft:white_wool":5,"minecraft:shield":1,"minecraft:stick":8,"minecraft:white_bed":1}},"DataVersion":3120}