{"stats":{"minecraft:killed_by":{"the_bath:the_bath":2,"minecraft:wither_skeleton":2},"minecraft:mined":{"minecraft:dark_oak_planks":6,"minecraft:dark_prismarine":1,"minecraft:spruce_planks":3,"minecraft:crafting_table":1,"minecraft:spruce_fence":1,"minecraft:grass_block":3,"iceandfire:ghost_chest":1,"minecraft:cobblestone":1,"minecraft:birch_wood":2,"minecraft:spawner":8,"minecraft:coarse_dirt":2,"minecraft:dark_oak_stairs":1,"minecraft:coal_ore":1,"minecraft:grass":2,"minecraft:vine":1,"minecraft:cyan_carpet":4,"minecraft:smooth_quartz":14,"minecraft:dirt":6,"minecraft:cobweb":3,"minecraft:spruce_wood":12,"minecraft:stone":20,"minecraft:spruce_slab":2},"minecraft:picked_up":{"minecraft:crafting_table":3,"minecraft:iron_chestplate":3,"minecraft:coarse_dirt":2,"minecraft:wheat":7,"minecraft:chainmail_boots":1,"iceandfire:witherbone":16,"minecraft:ladder":1,"minecraft:chainmail_chestplate":2,"minecraft:chain":2,"minecraft:shield":2,"minecraft:gunpowder":15,"minecraft:cornflower":3,"iceandfire:manuscript":1,"minecraft:dirt":9,"minecraft:string":32,"minecraft:iron_axe":2,"minecraft:name_tag":3,"minecraft:flint_and_steel":4,"minecraft:bone":29,"minecraft:cyan_carpet":6,"minecraft:gold_nugget":34,"minecraft:birch_wood":6,"minecraft:bucket":2,"minecraft:spruce_planks":41,"minecraft:spruce_wood":12,"minecraft:iron_ingot":4,"minecraft:stone_pickaxe":1,"minecraft:smooth_quartz":27,"minecraft:iron_pickaxe":8,"minecraft:spruce_slab":6,"minecraft:iron_sword":4,"minecraft:oak_planks":15,"minecraft:stick":5,"iceandfire:ghost_chest":1,"minecraft:oak_door":2,"minecraft:torch":1,"minecraft:spruce_fence":1,"minecraft:lava_bucket":3,"minecraft:porkchop":30,"minecraft:rotten_flesh":4,"minecraft:redstone":59,"minecraft:diamond_block":1,"minecraft:spider_eye":1,"minecraft:golden_chestplate":1,"minecraft:dark_oak_planks":5,"minecraft:dark_prismarine":2,"minecraft:arrow":8,"minecraft:tnt":27,"iceandfire:silver_ingot":1,"minecraft:dispenser":1,"minecraft:stone_sword":1,"minecraft:diamond":1,"minecraft:stone_axe":3,"minecraft:golden_hoe":1,"minecraft:chainmail_leggings":1,"minecraft:bone_meal":15,"minecraft:golden_apple":1,"minecraft:emerald":84,"minecraft:gold_ingot":10,"minecraft:bread":87,"minecraft:coal":9,"minecraft:skeleton_skull":3,"minecraft:cobblestone":40},"minecraft:dropped":{"minecraft:oak_door":2,"minecraft:iron_ingot":4,"minecraft:bread":13,"minecraft:stone_axe":2,"minecraft:diamond_block":1,"minecraft:golden_chestplate":1,"minecraft:stone_sword":1,"minecraft:tnt":27,"minecraft:diamond":1,"minecraft:wheat":7,"minecraft:oak_planks":15,"minecraft:spruce_fence":1,"minecraft:stick":1,"iceandfire:ghost_chest":1,"minecraft:skeleton_skull":1,"minecraft:dispenser":1,"minecraft:torch":1,"minecraft:cornflower":2,"minecraft:iron_chestplate":1,"minecraft:chainmail_boots":1,"iceandfire:silver_ingot":1,"minecraft:spider_eye":1,"minecraft:ladder":1,"minecraft:chain":2,"minecraft:gold_nugget":34,"minecraft:bone_meal":15,"minecraft:golden_hoe":1,"minecraft:arrow":4,"minecraft:stone_pickaxe":1,"minecraft:dark_prismarine":1,"minecraft:string":10,"iceandfire:manuscript":1,"minecraft:cyan_carpet":1,"minecraft:bone":5,"minecraft:redstone":59},"minecraft:killed":{"minecraft:cave_spider":2,"minecraft:pig":4,"minecraft:spider":2,"minecraft:skeleton":1,"minecraft:zombie":1,"minecraft:wither_skeleton":15},"minecraft:custom":{"minecraft:mob_kills":27,"minecraft:interact_with_crafting_table":3,"minecraft:damage_dealt_resisted":1925,"minecraft:leave_game":1,"minecraft:time_since_death":2422,"minecraft:climb_one_cm":1082,"minecraft:time_since_rest":2448,"minecraft:damage_blocked_by_shield":877,"minecraft:sprint_one_cm":96359,"minecraft:walk_one_cm":49009,"minecraft:damage_taken":2179,"minecraft:damage_absorbed":40,"minecraft:drop":55,"minecraft:damage_dealt":8772,"minecraft:swim_one_cm":18636,"minecraft:fly_one_cm":208860,"minecraft:player_kills":1,"minecraft:open_chest":5,"minecraft:crouch_one_cm":4520,"minecraft:play_time":28635,"minecraft:deaths":4,"minecraft:sneak_time":2170,"minecraft:walk_under_water_one_cm":2826,"minecraft:jump":922,"minecraft:walk_on_water_one_cm":1813,"minecraft:total_world_time":28635,"minecraft:fall_one_cm":27601},"minecraft:used":{"minecraft:water_bucket":1,"minecraft:stone_sword":6,"minecraft:birch_planks":8,"minecraft:spruce_planks":36,"minecraft:shield":13,"minecraft:iron_sword":201,"minecraft:golden_apple":1,"minecraft:dirt":9,"minecraft:crafting_table":1,"minecraft:white_bed":1,"minecraft:dark_oak_planks":1,"minecraft:cornflower":1,"minecraft:lava_bucket":2,"minecraft:iron_axe":12,"minecraft:bread":17,"minecraft:iron_pickaxe":46,"minecraft:smooth_quartz":4,"minecraft:stone_axe":16,"minecraft:cobblestone":19,"minecraft:bucket":4,"minecraft:coarse_dirt":2},"minecraft:crafted":{"minecraft:crafting_table":1,"minecraft:spruce_planks":48,"minecraft:birch_planks":8,"minecraft:white_wool":3,"minecraft:shield":1,"minecraft:iron_axe":1,"minecraft:stick":4,"minecraft:white_bed":1}},"DataVersion":3120}