{
  "dungeons_arise:wda_root": {
    "criteria": {
      "WDA": "2024-10-28 02:10:20 +0000"
    },
    "done": true
  },
  "minecraft:recipes/misc/charcoal": {
    "criteria": {
      "has_log": "2024-10-28 02:10:41 +0000"
    },
    "done": true
  },
  "betteranimalsplus:bad_fox": {
    "criteria": {
      "no_bam": "2024-10-28 02:10:22 +0000"
    },
    "done": false
  },
  "dodo_mob:ivsivis": {
    "criteria": {
      "ivsivis": "2024-10-28 02:10:20 +0000"
    },
    "done": true
  },
  "minecraft:recipes/building_blocks/oak_planks": {
    "criteria": {
      "has_logs": "2024-10-28 02:10:41 +0000"
    },
    "done": true
  },
  "betteranimalsplus:root": {
    "criteria": {
      "tick": "2024-10-28 02:10:20 +0000"
    },
    "done": true
  },
  "create:root": {
    "criteria": {
      "0": "2024-10-28 02:10:41 +0000"
    },
    "done": true
  },
  "iceandfire:iceandfire/root": {
    "criteria": {
      "tick": "2024-10-28 02:10:20 +0000"
    },
    "done": true
  },
  "minecraft:recipes/building_blocks/oak_wood": {
    "criteria": {
      "has_log": "2024-10-28 02:10:41 +0000"
    },
    "done": true
  },
  "minecraft:adventure/adventuring_time": {
    "criteria": {
      "minecraft:windswept_gravelly_hills": "2024-10-28 02:10:21 +0000",
      "minecraft:plains": "2024-10-28 02:10:34 +0000"
    },
    "done": false
  },
  "DataVersion": 3120
}