{
  "dungeons_arise:wda_root": {
    "criteria": {
      "WDA": "2024-10-28 02:06:07 +0000"
    },
    "done": true
  },
  "betteranimalsplus:bad_fox": {
    "criteria": {
      "no_bam": "2024-10-28 02:06:12 +0000"
    },
    "done": false
  },
  "dodo_mob:ivsivis": {
    "criteria": {
      "ivsivis": "2024-10-28 02:06:07 +0000"
    },
    "done": true
  },
  "minecraft:recipes/food/cooked_porkchop_from_campfire_cooking": {
    "criteria": {
      "has_porkchop": "2024-10-28 02:06:36 +0000"
    },
    "done": true
  },
  "betteranimalsplus:root": {
    "criteria": {
      "tick": "2024-10-28 02:06:07 +0000"
    },
    "done": true
  },
  "create:root": {
    "criteria": {
      "0": "2024-10-28 02:06:15 +0000"
    },
    "done": true
  },
  "iceandfire:iceandfire/root": {
    "criteria": {
      "tick": "2024-10-28 02:06:07 +0000"
    },
    "done": true
  },
  "minecraft:recipes/food/cooked_porkchop_from_smoking": {
    "criteria": {
      "has_porkchop": "2024-10-28 02:06:36 +0000"
    },
    "done": true
  },
  "minecraft:recipes/food/cooked_porkchop": {
    "criteria": {
      "has_porkchop": "2024-10-28 02:06:36 +0000"
    },
    "done": true
  },
  "minecraft:adventure/root": {
    "criteria": {
      "killed_something": "2024-10-28 02:06:36 +0000"
    },
    "done": true
  },
  "minecraft:recipes/food/cake": {
    "criteria": {
      "has_egg": "2024-10-28 02:06:15 +0000"
    },
    "done": true
  },
  "minecraft:adventure/adventuring_time": {
    "criteria": {
      "minecraft:windswept_hills": "2024-10-28 02:27:15 +0000",
      "minecraft:beach": "2024-10-28 02:18:25 +0000",
      "minecraft:forest": "2024-10-28 02:27:23 +0000",
      "minecraft:windswept_gravelly_hills": "2024-10-28 02:06:08 +0000",
      "minecraft:plains": "2024-10-28 02:06:43 +0000"
    },
    "done": false
  },
  "DataVersion": 3120
}